id_compra;nit_proveedor;codigo_producto;producto;fecha; costo_unitario ;cantidad
COM0001;800176527-8;11703;"ADAPTADOR MACHO DE 11/2"" PVC LEO";11-11-25; 1.200 ;20
COM0002;800149369-2;11059;AGUA STOP CAUCHO GRIVAL;18-01-25; 1.200 ;20
COM0003;800067895-0;11058;ACOPLE SANITARIO GRIVAL 40 CMS;16-02-25; 1.200 ;20
COM0004;800162948-7;12178;ACOPLE RAPIDO PISTOLA PINTAR JUEGO X 5;06-04-25; 1.200 ;50
COM0005;800135790-2;10735;ADAPTADOR DE ESPIGO A ROSCA DE 1/2;20-08-25; 1.200 ;50
COM0006;800108632-3;11059;AGUA STOP CAUCHO GRIVAL;10-08-25; 1.200 ;20
COM0007;800013579-1;10020;ACOPLE LAVAMANOS CARDENAS LARGO;24-04-26; 1.200 ;20
COM0008;800135790-2;10006;ABRAZADERA TITAN 3/4A1 40-12;12-05-26; 1.200 ;100
COM0009;800081474-6;10018;ACIDO CORRIENTE X 480;15-02-26; 1.200 ;10
COM0010;800000000-2;11830;ALQUITRAN POR KILO;11-12-25; 1.200 ;100
COM0011;800067895-0;10013;ABRAZADERA TITAN 23/8A31/8  40-40;26-05-25; 1.200 ;20
COM0012;800027158-6;11696;ADAPTADOR PVC ALARGE 1/2 X 3/8;12-02-25; 1.200 ;10
COM0013;800067895-0;10001;ABRAZADERA 1/2 ECONOMICA;02-11-25; 1.200 ;100
COM0014;800081474-6;12241;ACOPLE SAMURAY CAUCHO ECONOMICO;04-02-26; 1.200 ;50
COM0015;800108632-3;10018;ACIDO CORRIENTE X 480;08-02-25; 1.200 ;50
COM0016;800176527-8;11058;ACOPLE SANITARIO GRIVAL 40 CMS;27-06-25; 1.200 ;10
COM0017;800067895-0;10029;AEROGRAFO X 125 ML CHORRO DSF-1505 K3;30-05-25; 1.200 ;100
COM0018;800000000-2;10031;ALAMBRE PUA C 14 X 500MT;14-02-25; 1.200 ;100
COM0019;800067895-0;10010;ABRAZADERA TITAN 11/4A2 40-28;11-12-25; 1.200 ;100
COM0020;800013579-1;10064;ALICATE STANLEY N 8 84-023;27-09-25; 1.200 ;10
COM0021;800190106-7;10040;ALAMBRE CENTELSA N  8 VERDE;03-02-25; 1.200 ;20
COM0022;800081474-6;10032;ALAMBRE PUA  C14 X 350MT CORSAN;08-09-25; 1.200 ;50
COM0023;800013579-1;10056;ALAMBRE CENTELSA N 14 NEGRO;10-05-25; 1.200 ;50
COM0024;800067895-0;11703;"ADAPTADOR MACHO DE 11/2"" PVC LEO";23-06-25; 1.200 ;100
COM0025;800000000-2;10009;ABRAZADERA TITAN 11/8A17/8  40-24;22-01-26; 1.200 ;20
COM0026;800054316-5;12596;ADAPTADOR DE 1/2 EMT;14-08-25; 1.200 ;10
COM0027;800067895-0;10017;ACEITE USA1 X 70 CC;12-09-25; 1.200 ;100
COM0028;800190106-7;11059;AGUA STOP CAUCHO GRIVAL;04-05-25; 1.200 ;10
COM0029;800000000-2;11703;"ADAPTADOR MACHO DE 11/2"" PVC LEO";16-04-26; 1.200 ;20
COM0030;800095053-3;10051;ALAMBRE CENTELSA N 12 ROJO;09-03-25; 1.200 ;50
COM0031;800067895-0;10050;ALAMBRE CENTELSA N 12 NEGRO;05-01-25; 1.200 ;20
COM0032;800176527-8;11685;ACOPLE CAUCHO SUELTO LICUADORA OSTER;04-12-25; 1.200 ;50
COM0033;800067895-0;10003;ABRAZADERA TITAN 5/16A5/8 - 3/8  10-04;25-01-25; 1.200 ;10
COM0034;800122211-1;10038;ALAMBRE CENTELSA N  8 NEGRO;08-02-25; 1.200 ;10
COM0035;800190106-7;10046;ALAMBRE CENTELSA N 10 VERDE;20-04-25; 1.200 ;10
COM0036;800190106-7;10003;ABRAZADERA TITAN 5/16A5/8 - 3/8  10-04;30-05-25; 1.200 ;20
COM0037;800040737-0;12595;ADAPTADOR DE 1 EMT;19-02-26; 1.200 ;10
COM0038;800190106-7;10037;ALAMBRE CENTELSA N  8 BLANCO;21-02-26; 1.200 ;100
COM0039;800054316-5;10052;ALAMBRE CENTELSA N 12 VERDE;16-05-25; 1.200 ;10
COM0040;800190106-7;10039;ALAMBRE CENTELSA N  8 ROJO;01-11-25; 1.200 ;20
COM0041;800122211-1;10879;ADAPTADOR MACHO 1/2 X 16MM PE AL PE;06-03-26; 1.200 ;100
COM0042;800013579-1;10041;ALAMBRE CENTELSA N 10 AMARILLO;19-04-25; 1.200 ;50
COM0043;800162948-7;10063;ALICATE FOCCI 8,5 DSF-1684;11-11-25; 1.200 ;20
COM0044;800040737-0;10735;ADAPTADOR DE ESPIGO A ROSCA DE 1/2;29-12-25; 1.200 ;50
COM0045;800081474-6;11072;ACOPLE SANITARIO GRIVAL LARGO 55;20-10-25; 1.200 ;20
COM0046;800081474-6;10017;ACEITE USA1 X 70 CC;15-05-26; 1.200 ;20
COM0047;800162948-7;10015;ABRAZADERA TITAN 31/2A45/16 40-56;18-03-26; 1.200 ;20
COM0048;800108632-3;11697;"ADAPTADOR HEMBRA DE 1"" PVC LEO";03-10-25; 1.200 ;100
COM0049;800000000-2;10055;ALAMBRE CENTELSA N 14 BLANCO;28-02-26; 1.200 ;20
COM0050;800149369-2;10025;ACRONAL  DE 1/4;07-08-25; 1.200 ;10
COM0051;800067895-0;10035;ALAMBRE CENTELSA N  8 AMARILLO;13-08-25; 1.200 ;10
COM0052;800190106-7;11699;ADAPTADOR HEMBRA DE 3/4 PVC LEO;25-01-26; 1.200 ;100
COM0053;800040737-0;10049;ALAMBRE CENTELSA N 12 BLANCO;24-01-25; 1.200 ;20
COM0054;800027158-6;10004;ABRAZADERA TITAN 7/16A25/32 - 1/2 10-06;23-07-25; 1.200 ;10
COM0055;800162948-7;10036;ALAMBRE CENTELSA N  8 AZUL;03-12-25; 1.200 ;50
COM0056;800135790-2;10012;ABRAZADERA TITAN  2A2-3/8 40-36;16-02-26; 1.200 ;50
COM0057;800095053-3;11701;"ADAPTADOR MACHO DE 3/4"" PVC LEO";15-02-26; 1.200 ;10
COM0058;800176527-8;10027;AEROGRAFO F75 400 ML DSF-1499;15-02-26; 1.200 ;20
COM0059;800040737-0;10003;ABRAZADERA TITAN 5/16A5/8 - 3/8  10-04;29-11-25; 1.200 ;50
COM0060;800067895-0;10028;AEROGRAFO LAPICERO X 4 HOPEX PROFESI;15-03-26; 1.200 ;10
COM0061;800054316-5;11701;"ADAPTADOR MACHO DE 3/4"" PVC LEO";24-07-25; 1.200 ;20
COM0062;800190106-7;10037;ALAMBRE CENTELSA N  8 BLANCO;22-04-26; 1.200 ;20
COM0063;800040737-0;10057;ALAMBRE CENTELSA N 14 ROJO;02-02-25; 1.200 ;20
COM0064;800054316-5;10034;ALAMBRE PUA C16 X 400MT CORSAN;19-05-25; 1.200 ;50
COM0065;800095053-3;11702;"ADAPTADOR MACHO DE 1"" LEO";04-02-25; 1.200 ;10
COM0066;800054316-5;12596;ADAPTADOR DE 1/2 EMT;23-07-25; 1.200 ;10
COM0067;800081474-6;11700;"ADAPTADOR MACHO DE 1/2"" PVC LEO";15-06-25; 1.200 ;10
COM0068;800027158-6;10012;ABRAZADERA TITAN  2A2-3/8 40-36;26-07-25; 1.200 ;100
COM0069;800162948-7;10050;ALAMBRE CENTELSA N 12 NEGRO;25-01-25; 1.200 ;50
COM0070;800122211-1;10048;ALAMBRE CENTELSA N 12 AZUL;10-02-26; 1.200 ;50
COM0071;800122211-1;10038;ALAMBRE CENTELSA N  8 NEGRO;27-10-25; 1.200 ;20
COM0072;800040737-0;10059;ALCOHOL INDUSTRIAL X 500;27-09-25; 1.200 ;100
COM0073;800162948-7;11698;"ADAPTADOR HEMBRA  1/2"" LEO PRECION";24-11-25; 1.200 ;50
COM0074;800122211-1;10062;ALICATE 8 NARANJA DSF-6050;14-11-25; 1.200 ;10
COM0075;800095053-3;10987;AGUA STOP PINES SAPITO GERFOR 580051;09-04-26; 1.200 ;20
COM0076;800122211-1;10022;ACOPLE SANITARIO CARDENAS LARGO;24-02-25; 1.200 ;100
COM0077;800135790-2;11072;ACOPLE SANITARIO GRIVAL LARGO 55;16-02-25; 1.200 ;100
COM0078;800040737-0;10012;ABRAZADERA TITAN  2A2-3/8 40-36;18-01-26; 1.200 ;100
COM0079;800162948-7;11057;ACOPLE LAVAMANOS GRIVAL 40CMS;06-07-25; 1.200 ;100
COM0080;800081474-6;10053;ALAMBRE CENTELSA N 14 AMARILLO;23-02-25; 1.200 ;10
COM0081;800108632-3;10035;ALAMBRE CENTELSA N  8 AMARILLO;18-03-25; 1.200 ;100
COM0082;800000000-2;11071;ACOPLE LAVAMANOS GRIVAL LARGO 60;01-10-25; 1.200 ;10
COM0083;800149369-2;10027;AEROGRAFO F75 400 ML DSF-1499;24-03-25; 1.200 ;10
COM0084;800176527-8;10032;ALAMBRE PUA  C14 X 350MT CORSAN;23-01-26; 1.200 ;20
COM0085;800149369-2;10032;ALAMBRE PUA  C14 X 350MT CORSAN;25-03-26; 1.200 ;100
COM0086;800135790-2;10005;ABRAZADERA TITAN 1/2A3/4  40-06;07-01-26; 1.200 ;100
COM0087;800040737-0;10045;ALAMBRE CENTELSA N 10 ROJO;30-03-26; 1.200 ;100
COM0088;800122211-1;12240;ACOPLE PASTA SAMURAY ECONOMICO;06-01-25; 1.200 ;20
COM0089;800067895-0;10007;ABRAZADERA TITAN 29/32A1-3/8 40-16;21-10-25; 1.200 ;100
COM0090;800122211-1;11941;AGUA STOP AHORRADOR PLASTIG;24-03-25; 1.200 ;10
COM0091;800081474-6;11700;"ADAPTADOR MACHO DE 1/2"" PVC LEO";18-04-25; 1.200 ;10
COM0092;800067895-0;11943;AGUA STOP PLASTGRIFOS;13-02-25; 1.200 ;10
COM0093;800149369-2;10031;ALAMBRE PUA C 14 X 500MT;15-05-26; 1.200 ;10
COM0094;800108632-3;10007;ABRAZADERA TITAN 29/32A1-3/8 40-16;27-06-25; 1.200 ;100
COM0095;800149369-2;11060;AGUA STOP PASTA GRIVAL;02-11-25; 1.200 ;10
COM0096;800108632-3;10020;ACOPLE LAVAMANOS CARDENAS LARGO;16-10-25; 1.200 ;100
COM0097;800162948-7;10018;ACIDO CORRIENTE X 480;12-06-25; 1.200 ;20
COM0098;800000000-2;11943;AGUA STOP PLASTGRIFOS;20-11-25; 1.200 ;10
COM0099;800000000-2;11702;"ADAPTADOR MACHO DE 1"" LEO";02-07-25; 1.200 ;100
COM0100;800027158-6;10024;ACOPLE SANITARIO GRIPLAS;09-06-25; 1.200 ;100
COM0101;800176527-8;10012;ABRAZADERA TITAN  2A2-3/8 40-36;17-03-25; 1.200 ;20
COM0102;800135790-2;10041;ALAMBRE CENTELSA N 10 AMARILLO;06-12-25; 1.200 ;100
COM0103;800000000-2;10012;ABRAZADERA TITAN  2A2-3/8 40-36;04-09-25; 1.200 ;50
COM0104;800013579-1;10009;ABRAZADERA TITAN 11/8A17/8  40-24;20-04-26; 1.200 ;50
COM0105;800067895-0;10062;ALICATE 8 NARANJA DSF-6050;03-09-25; 1.200 ;100
COM0106;800135790-2;10042;ALAMBRE CENTELSA N 10 AZUL;14-05-26; 1.200 ;10
COM0107;800149369-2;10735;ADAPTADOR DE ESPIGO A ROSCA DE 1/2;23-05-25; 1.200 ;20
COM0108;800122211-1;10009;ABRAZADERA TITAN 11/8A17/8  40-24;09-01-25; 1.200 ;20
COM0109;800122211-1;11703;"ADAPTADOR MACHO DE 11/2"" PVC LEO";24-11-25; 1.200 ;50
COM0110;800095053-3;10001;ABRAZADERA 1/2 ECONOMICA;25-05-25; 1.200 ;20
COM0111;800000000-2;11942;AGUA STOP CAUCHO GRIPLAS;03-08-25; 1.200 ;20
COM0112;800162948-7;12242;ACOPLE SAMURAY PREMIER AMARILLO;27-04-26; 1.200 ;100
COM0113;800176527-8;10986;AGUA STOP ARGOLLA GERFOR 581140;29-04-25; 1.200 ;20
COM0114;800149369-2;12187;ACOPLE RAPIDO PISTOLA PINTAR;16-02-25; 1.200 ;20
COM0115;800081474-6;11701;"ADAPTADOR MACHO DE 3/4"" PVC LEO";21-10-25; 1.200 ;10
COM0116;800176527-8;10053;ALAMBRE CENTELSA N 14 AMARILLO;02-01-25; 1.200 ;20
COM0117;800135790-2;10021;ACOPLE LAVAMANOS GRIPLAS;06-03-25; 1.200 ;50
COM0118;800135790-2;10053;ALAMBRE CENTELSA N 14 AMARILLO;03-10-25; 1.200 ;100
COM0119;800095053-3;10042;ALAMBRE CENTELSA N 10 AZUL;28-03-25; 1.200 ;10
COM0120;800162948-7;11072;ACOPLE SANITARIO GRIVAL LARGO 55;15-09-25; 1.200 ;100
COM0121;800013579-1;11698;"ADAPTADOR HEMBRA  1/2"" LEO PRECION";27-04-25; 1.200 ;50
COM0122;800108632-3;10050;ALAMBRE CENTELSA N 12 NEGRO;05-07-25; 1.200 ;100
COM0123;800108632-3;10987;AGUA STOP PINES SAPITO GERFOR 580051;30-09-25; 1.200 ;20
COM0124;800122211-1;10056;ALAMBRE CENTELSA N 14 NEGRO;11-05-26; 1.200 ;100
COM0125;800040737-0;10058;ALAMBRE CENTELSA N 14 VERDE;03-05-26; 1.200 ;50
COM0126;800176527-8;10006;ABRAZADERA TITAN 3/4A1 40-12;10-05-25; 1.200 ;10
COM0127;800054316-5;10023;ACOPLE SANITARIO CORTO CARDENAS;21-01-26; 1.200 ;50
COM0128;800122211-1;10020;ACOPLE LAVAMANOS CARDENAS LARGO;16-01-26; 1.200 ;100
COM0129;800054316-5;10056;ALAMBRE CENTELSA N 14 NEGRO;15-12-25; 1.200 ;50
COM0130;800108632-3;10031;ALAMBRE PUA C 14 X 500MT;21-11-25; 1.200 ;20
COM0131;800095053-3;10009;ABRAZADERA TITAN 11/8A17/8  40-24;01-05-25; 1.200 ;20
COM0132;800176527-8;10020;ACOPLE LAVAMANOS CARDENAS LARGO;21-08-25; 1.200 ;10
COM0133;800162948-7;12240;ACOPLE PASTA SAMURAY ECONOMICO;13-08-25; 1.200 ;50
COM0134;800067895-0;11697;"ADAPTADOR HEMBRA DE 1"" PVC LEO";17-10-25; 1.200 ;50
COM0135;800122211-1;10048;ALAMBRE CENTELSA N 12 AZUL;10-07-25; 1.200 ;10
COM0136;800095053-3;10064;ALICATE STANLEY N 8 84-023;15-10-25; 1.200 ;50
COM0137;800095053-3;10016;ACEITE USA1 X 30 CC;06-03-26; 1.200 ;10
COM0138;800108632-3;11702;"ADAPTADOR MACHO DE 1"" LEO";27-05-25; 1.200 ;20
COM0139;800013579-1;10051;ALAMBRE CENTELSA N 12 ROJO;26-06-25; 1.200 ;20
COM0140;800095053-3;10016;ACEITE USA1 X 30 CC;18-03-26; 1.200 ;10
COM0141;800176527-8;11060;AGUA STOP PASTA GRIVAL;27-02-25; 1.200 ;50
COM0142;800000000-2;10878;ADAPTADOR HEMBRA 1/2 X 16MM PE AL PE;19-06-25; 1.200 ;10
COM0143;800081474-6;10038;ALAMBRE CENTELSA N  8 NEGRO;30-06-25; 1.200 ;10
COM0144;800162948-7;11703;"ADAPTADOR MACHO DE 11/2"" PVC LEO";05-02-26; 1.200 ;50
COM0145;800054316-5;11702;"ADAPTADOR MACHO DE 1"" LEO";16-03-25; 1.200 ;100
COM0146;800162948-7;11703;"ADAPTADOR MACHO DE 11/2"" PVC LEO";07-08-25; 1.200 ;100
COM0147;800054316-5;10061;ALICATE 6 NARANJA DSF-6049;13-05-25; 1.200 ;20
COM0148;800027158-6;11699;ADAPTADOR HEMBRA DE 3/4 PVC LEO;21-07-25; 1.200 ;20
COM0149;800122211-1;10061;ALICATE 6 NARANJA DSF-6049;22-12-25; 1.200 ;20
COM0150;800054316-5;11702;"ADAPTADOR MACHO DE 1"" LEO";13-02-25; 1.200 ;100
COM0151;800040737-0;11698;"ADAPTADOR HEMBRA  1/2"" LEO PRECION";10-09-25; 1.200 ;20
COM0152;800067895-0;11703;"ADAPTADOR MACHO DE 11/2"" PVC LEO";21-08-25; 1.200 ;20
COM0153;800054316-5;10043;ALAMBRE CENTELSA N 10 BLANCO;12-02-26; 1.200 ;50
COM0154;800149369-2;10084;AGUAMONIACO  FRASCO X 480;22-01-26; 1.200 ;20
COM0155;800149369-2;11059;AGUA STOP CAUCHO GRIVAL;30-03-26; 1.200 ;100
COM0156;800190106-7;10050;ALAMBRE CENTELSA N 12 NEGRO;20-11-25; 1.200 ;10
COM0157;800108632-3;10037;ALAMBRE CENTELSA N  8 BLANCO;21-03-26; 1.200 ;10
COM0158;800081474-6;10004;ABRAZADERA TITAN 7/16A25/32 - 1/2 10-06;26-10-25; 1.200 ;20
COM0159;800054316-5;10039;ALAMBRE CENTELSA N  8 ROJO;12-10-25; 1.200 ;10
COM0160;800013579-1;10054;ALAMBRE CENTELSA N 14 AZUL;25-12-25; 1.200 ;100
COM0161;800122211-1;10006;ABRAZADERA TITAN 3/4A1 40-12;25-08-25; 1.200 ;50
COM0162;800162948-7;12188;ACOPLE RAPIDO PISTOLA X 2 DORADO DSF-6035;27-07-25; 1.200 ;100
COM0163;800067895-0;12178;ACOPLE RAPIDO PISTOLA PINTAR JUEGO X 5;10-04-26; 1.200 ;50
COM0164;800149369-2;10041;ALAMBRE CENTELSA N 10 AMARILLO;01-01-25; 1.200 ;100
COM0165;800108632-3;10029;AEROGRAFO X 125 ML CHORRO DSF-1505 K3;15-09-25; 1.200 ;100
COM0166;800095053-3;10049;ALAMBRE CENTELSA N 12 BLANCO;04-12-25; 1.200 ;20
COM0167;800000000-2;10014;ABRAZADERA TITAN 2-3/8A3-1/8  40-44;03-04-26; 1.200 ;20
COM0168;800108632-3;10735;ADAPTADOR DE ESPIGO A ROSCA DE 1/2;12-02-25; 1.200 ;100
COM0169;800067895-0;11685;ACOPLE CAUCHO SUELTO LICUADORA OSTER;04-03-25; 1.200 ;20
COM0170;800162948-7;10041;ALAMBRE CENTELSA N 10 AMARILLO;28-03-26; 1.200 ;10
COM0171;800108632-3;11830;ALQUITRAN POR KILO;10-02-25; 1.200 ;100
COM0172;800040737-0;10009;ABRAZADERA TITAN 11/8A17/8  40-24;25-03-26; 1.200 ;10
COM0173;800054316-5;10046;ALAMBRE CENTELSA N 10 VERDE;08-04-25; 1.200 ;100
COM0174;800081474-6;11700;"ADAPTADOR MACHO DE 1/2"" PVC LEO";04-01-25; 1.200 ;100
COM0175;800135790-2;11685;ACOPLE CAUCHO SUELTO LICUADORA OSTER;16-12-25; 1.200 ;50
COM0176;800108632-3;10043;ALAMBRE CENTELSA N 10 BLANCO;13-05-26; 1.200 ;10
COM0177;800040737-0;11698;"ADAPTADOR HEMBRA  1/2"" LEO PRECION";22-07-25; 1.200 ;20
COM0178;800149369-2;10047;ALAMBRE CENTELSA N 12 AMARILLO;11-12-25; 1.200 ;50
COM0179;800067895-0;11060;AGUA STOP PASTA GRIVAL;13-03-26; 1.200 ;50
COM0180;800054316-5;12242;ACOPLE SAMURAY PREMIER AMARILLO;07-06-25; 1.200 ;10
COM0181;800149369-2;10034;ALAMBRE PUA C16 X 400MT CORSAN;20-01-26; 1.200 ;20
COM0182;800040737-0;11704;"ADAPTADOR MACHO DE 2"" PVC LEO";15-06-25; 1.200 ;100
COM0183;800067895-0;11700;"ADAPTADOR MACHO DE 1/2"" PVC LEO";27-01-26; 1.200 ;20
COM0184;800040737-0;10018;ACIDO CORRIENTE X 480;08-05-26; 1.200 ;10
COM0185;800162948-7;12242;ACOPLE SAMURAY PREMIER AMARILLO;30-10-25; 1.200 ;20
COM0186;800013579-1;10051;ALAMBRE CENTELSA N 12 ROJO;03-05-26; 1.200 ;20
COM0187;800162948-7;12597;ADAPTADOR DE 3/4 EMT;12-06-25; 1.200 ;20
COM0188;800000000-2;10007;ABRAZADERA TITAN 29/32A1-3/8 40-16;12-04-25; 1.200 ;100
COM0189;800122211-1;11830;ALQUITRAN POR KILO;06-11-25; 1.200 ;50
COM0190;800095053-3;10879;ADAPTADOR MACHO 1/2 X 16MM PE AL PE;18-09-25; 1.200 ;10
COM0191;800162948-7;10028;AEROGRAFO LAPICERO X 4 HOPEX PROFESI;20-01-26; 1.200 ;50
COM0192;800000000-2;10007;ABRAZADERA TITAN 29/32A1-3/8 40-16;20-01-25; 1.200 ;100
COM0193;800040737-0;10036;ALAMBRE CENTELSA N  8 AZUL;28-11-25; 1.200 ;50
COM0194;800176527-8;11697;"ADAPTADOR HEMBRA DE 1"" PVC LEO";23-12-25; 1.200 ;20
COM0195;800054316-5;10044;ALAMBRE CENTELSA N 10 NEGRO;20-04-25; 1.200 ;50
COM0196;800095053-3;10032;ALAMBRE PUA  C14 X 350MT CORSAN;27-01-25; 1.200 ;100
COM0197;800054316-5;10058;ALAMBRE CENTELSA N 14 VERDE;06-02-25; 1.200 ;50
COM0198;800095053-3;10013;ABRAZADERA TITAN 23/8A31/8  40-40;08-04-26; 1.200 ;20
COM0199;800108632-3;12241;ACOPLE SAMURAY CAUCHO ECONOMICO;11-05-26; 1.200 ;20
COM0200;800149369-2;10878;ADAPTADOR HEMBRA 1/2 X 16MM PE AL PE;15-01-26; 1.200 ;100
COM0201;800027158-6;10027;AEROGRAFO F75 400 ML DSF-1499;14-08-25; 1.200 ;10
COM0202;800067895-0;10042;ALAMBRE CENTELSA N 10 AZUL;13-01-25; 1.200 ;50
COM0203;800027158-6;12188;ACOPLE RAPIDO PISTOLA X 2 DORADO DSF-6035;25-05-25; 1.200 ;50
COM0204;800108632-3;10027;AEROGRAFO F75 400 ML DSF-1499;21-04-26; 1.200 ;20
COM0205;800027158-6;11701;"ADAPTADOR MACHO DE 3/4"" PVC LEO";26-01-26; 1.200 ;100
COM0206;800027158-6;10029;AEROGRAFO X 125 ML CHORRO DSF-1505 K3;26-01-25; 1.200 ;100
COM0207;800108632-3;11941;AGUA STOP AHORRADOR PLASTIG;04-02-25; 1.200 ;20
COM0208;800013579-1;10005;ABRAZADERA TITAN 1/2A3/4  40-06;05-03-25; 1.200 ;10
COM0209;800067895-0;12597;ADAPTADOR DE 3/4 EMT;17-08-25; 1.200 ;100
COM0210;800054316-5;10031;ALAMBRE PUA C 14 X 500MT;29-12-25; 1.200 ;20
COM0211;800040737-0;10020;ACOPLE LAVAMANOS CARDENAS LARGO;26-01-25; 1.200 ;50
COM0212;800081474-6;10057;ALAMBRE CENTELSA N 14 ROJO;10-06-25; 1.200 ;50
COM0213;800122211-1;10029;AEROGRAFO X 125 ML CHORRO DSF-1505 K3;18-10-25; 1.200 ;50
COM0214;800040737-0;12596;ADAPTADOR DE 1/2 EMT;27-01-25; 1.200 ;20
COM0215;800190106-7;10035;ALAMBRE CENTELSA N  8 AMARILLO;30-01-26; 1.200 ;100
COM0216;800149369-2;10049;ALAMBRE CENTELSA N 12 BLANCO;06-03-25; 1.200 ;100
COM0217;800067895-0;10878;ADAPTADOR HEMBRA 1/2 X 16MM PE AL PE;17-01-25; 1.200 ;100
COM0218;800190106-7;10004;ABRAZADERA TITAN 7/16A25/32 - 1/2 10-06;11-09-25; 1.200 ;100
COM0219;800135790-2;11703;"ADAPTADOR MACHO DE 11/2"" PVC LEO";07-03-25; 1.200 ;100
COM0220;800027158-6;10005;ABRAZADERA TITAN 1/2A3/4  40-06;29-06-25; 1.200 ;20
COM0221;800135790-2;10016;ACEITE USA1 X 30 CC;03-01-26; 1.200 ;20
COM0222;800122211-1;10064;ALICATE STANLEY N 8 84-023;06-04-26; 1.200 ;20
COM0223;800027158-6;10878;ADAPTADOR HEMBRA 1/2 X 16MM PE AL PE;18-11-25; 1.200 ;10
COM0224;800000000-2;10056;ALAMBRE CENTELSA N 14 NEGRO;15-04-25; 1.200 ;20
COM0225;800149369-2;10005;ABRAZADERA TITAN 1/2A3/4  40-06;31-01-26; 1.200 ;100
COM0226;800054316-5;12240;ACOPLE PASTA SAMURAY ECONOMICO;18-01-26; 1.200 ;10
COM0227;800000000-2;11942;AGUA STOP CAUCHO GRIPLAS;19-08-25; 1.200 ;20
COM0228;800081474-6;10008;ABRAZADERA TITAN 1A19/16 40-20;22-02-25; 1.200 ;100
COM0229;800095053-3;10031;ALAMBRE PUA C 14 X 500MT;30-06-25; 1.200 ;10
COM0230;800027158-6;10059;ALCOHOL INDUSTRIAL X 500;26-06-25; 1.200 ;50
COM0231;800013579-1;10003;ABRAZADERA TITAN 5/16A5/8 - 3/8  10-04;28-07-25; 1.200 ;50
COM0232;800054316-5;10031;ALAMBRE PUA C 14 X 500MT;11-08-25; 1.200 ;100
COM0233;800176527-8;10034;ALAMBRE PUA C16 X 400MT CORSAN;07-05-26; 1.200 ;100
COM0234;800108632-3;10014;ABRAZADERA TITAN 2-3/8A3-1/8  40-44;06-06-25; 1.200 ;100
COM0235;800176527-8;10023;ACOPLE SANITARIO CORTO CARDENAS;25-09-25; 1.200 ;50
COM0236;800135790-2;10055;ALAMBRE CENTELSA N 14 BLANCO;19-08-25; 1.200 ;50
COM0237;800122211-1;10014;ABRAZADERA TITAN 2-3/8A3-1/8  40-44;14-09-25; 1.200 ;10
COM0238;800013579-1;10041;ALAMBRE CENTELSA N 10 AMARILLO;13-01-26; 1.200 ;20
COM0239;800081474-6;10879;ADAPTADOR MACHO 1/2 X 16MM PE AL PE;08-05-25; 1.200 ;20
COM0240;800135790-2;12597;ADAPTADOR DE 3/4 EMT;18-03-25; 1.200 ;20
COM0241;800040737-0;10058;ALAMBRE CENTELSA N 14 VERDE;21-02-26; 1.200 ;10
COM0242;800190106-7;12596;ADAPTADOR DE 1/2 EMT;22-02-26; 1.200 ;50
COM0243;800108632-3;10032;ALAMBRE PUA  C14 X 350MT CORSAN;28-04-25; 1.200 ;50
COM0244;800013579-1;10023;ACOPLE SANITARIO CORTO CARDENAS;06-02-25; 1.200 ;100
COM0245;800054316-5;10015;ABRAZADERA TITAN 31/2A45/16 40-56;30-04-25; 1.200 ;50
COM0246;800122211-1;10005;ABRAZADERA TITAN 1/2A3/4  40-06;22-07-25; 1.200 ;100
COM0247;800108632-3;11943;AGUA STOP PLASTGRIFOS;11-12-25; 1.200 ;20
COM0248;800040737-0;12178;ACOPLE RAPIDO PISTOLA PINTAR JUEGO X 5;21-06-25; 1.200 ;50
COM0249;800013579-1;10005;ABRAZADERA TITAN 1/2A3/4  40-06;15-11-25; 1.200 ;10
COM0250;800176527-8;10059;ALCOHOL INDUSTRIAL X 500;23-01-26; 1.200 ;50
COM0251;800067895-0;10039;ALAMBRE CENTELSA N  8 ROJO;24-04-25; 1.200 ;10
COM0252;800067895-0;10053;ALAMBRE CENTELSA N 14 AMARILLO;16-12-25; 1.200 ;20
COM0253;800013579-1;10063;ALICATE FOCCI 8,5 DSF-1684;06-02-25; 1.200 ;50
COM0254;800054316-5;11941;AGUA STOP AHORRADOR PLASTIG;29-03-25; 1.200 ;50
COM0255;800067895-0;11058;ACOPLE SANITARIO GRIVAL 40 CMS;26-06-25; 1.200 ;50
COM0256;800013579-1;10018;ACIDO CORRIENTE X 480;23-02-26; 1.200 ;50
COM0257;800135790-2;10018;ACIDO CORRIENTE X 480;25-08-25; 1.200 ;20
COM0258;800122211-1;10019;ACOPLE LAVAMANO CORTO  CARDENAS;07-03-26; 1.200 ;50
COM0259;800040737-0;10059;ALCOHOL INDUSTRIAL X 500;04-04-26; 1.200 ;50
COM0260;800149369-2;11941;AGUA STOP AHORRADOR PLASTIG;09-01-26; 1.200 ;50
COM0261;800108632-3;11703;"ADAPTADOR MACHO DE 11/2"" PVC LEO";14-04-26; 1.200 ;50
COM0262;800135790-2;10018;ACIDO CORRIENTE X 480;15-06-25; 1.200 ;20
COM0263;800176527-8;11071;ACOPLE LAVAMANOS GRIVAL LARGO 60;28-03-26; 1.200 ;100
COM0264;800190106-7;12177;AGUJAS PISTOLA PINTAR;15-10-25; 1.200 ;10
COM0265;800176527-8;11700;"ADAPTADOR MACHO DE 1/2"" PVC LEO";09-10-25; 1.200 ;20
COM0266;800122211-1;11685;ACOPLE CAUCHO SUELTO LICUADORA OSTER;30-04-25; 1.200 ;50
COM0267;800081474-6;10044;ALAMBRE CENTELSA N 10 NEGRO;27-04-26; 1.200 ;50
COM0268;800013579-1;10001;ABRAZADERA 1/2 ECONOMICA;12-04-25; 1.200 ;50
COM0269;800162948-7;10044;ALAMBRE CENTELSA N 10 NEGRO;12-12-25; 1.200 ;100
COM0270;800095053-3;11058;ACOPLE SANITARIO GRIVAL 40 CMS;29-08-25; 1.200 ;50
COM0271;800027158-6;10039;ALAMBRE CENTELSA N  8 ROJO;24-04-26; 1.200 ;20
COM0272;800108632-3;11830;ALQUITRAN POR KILO;08-10-25; 1.200 ;10
COM0273;800040737-0;10038;ALAMBRE CENTELSA N  8 NEGRO;11-01-25; 1.200 ;100
COM0274;800013579-1;10061;ALICATE 6 NARANJA DSF-6049;19-07-25; 1.200 ;100
COM0275;800176527-8;10019;ACOPLE LAVAMANO CORTO  CARDENAS;09-12-25; 1.200 ;100
COM0276;800176527-8;10041;ALAMBRE CENTELSA N 10 AMARILLO;29-10-25; 1.200 ;100
COM0277;800190106-7;10038;ALAMBRE CENTELSA N  8 NEGRO;11-05-26; 1.200 ;10
COM0278;800108632-3;10038;ALAMBRE CENTELSA N  8 NEGRO;28-04-25; 1.200 ;20
COM0279;800108632-3;10027;AEROGRAFO F75 400 ML DSF-1499;07-04-26; 1.200 ;50
COM0280;800162948-7;11701;"ADAPTADOR MACHO DE 3/4"" PVC LEO";14-02-25; 1.200 ;10
COM0281;800108632-3;10054;ALAMBRE CENTELSA N 14 AZUL;16-09-25; 1.200 ;10
COM0282;800000000-2;11072;ACOPLE SANITARIO GRIVAL LARGO 55;14-02-26; 1.200 ;100
COM0283;800190106-7;10023;ACOPLE SANITARIO CORTO CARDENAS;25-02-25; 1.200 ;20
COM0284;800013579-1;10062;ALICATE 8 NARANJA DSF-6050;21-11-25; 1.200 ;20
COM0285;800135790-2;10064;ALICATE STANLEY N 8 84-023;05-02-26; 1.200 ;50
COM0286;800040737-0;10056;ALAMBRE CENTELSA N 14 NEGRO;21-01-26; 1.200 ;50
COM0287;800040737-0;12240;ACOPLE PASTA SAMURAY ECONOMICO;05-04-26; 1.200 ;100
COM0288;800040737-0;10041;ALAMBRE CENTELSA N 10 AMARILLO;26-08-25; 1.200 ;100
COM0289;800054316-5;10016;ACEITE USA1 X 30 CC;18-04-25; 1.200 ;10
COM0290;800162948-7;10041;ALAMBRE CENTELSA N 10 AMARILLO;04-03-25; 1.200 ;20
COM0291;800149369-2;11072;ACOPLE SANITARIO GRIVAL LARGO 55;02-11-25; 1.200 ;10
COM0292;800149369-2;10046;ALAMBRE CENTELSA N 10 VERDE;17-05-25; 1.200 ;50
COM0293;800095053-3;10059;ALCOHOL INDUSTRIAL X 500;28-03-25; 1.200 ;10
COM0294;800135790-2;11700;"ADAPTADOR MACHO DE 1/2"" PVC LEO";12-06-25; 1.200 ;100
COM0295;800040737-0;11700;"ADAPTADOR MACHO DE 1/2"" PVC LEO";25-11-25; 1.200 ;100
COM0296;800027158-6;10020;ACOPLE LAVAMANOS CARDENAS LARGO;15-04-26; 1.200 ;50
COM0297;800135790-2;10987;AGUA STOP PINES SAPITO GERFOR 580051;20-04-25; 1.200 ;10
COM0298;800108632-3;10026;ACRONAL  DE GALON;04-05-26; 1.200 ;50
COM0299;800176527-8;10016;ACEITE USA1 X 30 CC;26-10-25; 1.200 ;20
COM0300;800176527-8;12596;ADAPTADOR DE 1/2 EMT;22-11-25; 1.200 ;10
COM0301;800040737-0;11703;"ADAPTADOR MACHO DE 11/2"" PVC LEO";25-05-25; 1.200 ;10
COM0302;800190106-7;11698;"ADAPTADOR HEMBRA  1/2"" LEO PRECION";20-03-25; 1.200 ;50
COM0303;800040737-0;12187;ACOPLE RAPIDO PISTOLA PINTAR;31-10-25; 1.200 ;20
COM0304;800108632-3;10061;ALICATE 6 NARANJA DSF-6049;05-03-25; 1.200 ;50
COM0305;800081474-6;10057;ALAMBRE CENTELSA N 14 ROJO;28-07-25; 1.200 ;100
COM0306;800108632-3;10054;ALAMBRE CENTELSA N 14 AZUL;09-03-26; 1.200 ;20
COM0307;800054316-5;11059;AGUA STOP CAUCHO GRIVAL;30-03-26; 1.200 ;20
COM0308;800095053-3;11699;ADAPTADOR HEMBRA DE 3/4 PVC LEO;10-02-26; 1.200 ;20
COM0309;800108632-3;11830;ALQUITRAN POR KILO;15-10-25; 1.200 ;10
COM0310;800122211-1;11057;ACOPLE LAVAMANOS GRIVAL 40CMS;13-10-25; 1.200 ;100
COM0311;800040737-0;12178;ACOPLE RAPIDO PISTOLA PINTAR JUEGO X 5;01-11-25; 1.200 ;20
COM0312;800135790-2;12188;ACOPLE RAPIDO PISTOLA X 2 DORADO DSF-6035;01-03-26; 1.200 ;10
COM0313;800122211-1;10033;ALAMBRE PUA C16 X 200MT CORSAN;10-01-25; 1.200 ;20
COM0314;800095053-3;12240;ACOPLE PASTA SAMURAY ECONOMICO;07-05-26; 1.200 ;100
COM0315;800122211-1;11059;AGUA STOP CAUCHO GRIVAL;04-04-26; 1.200 ;20
COM0316;800000000-2;10060;ALICATE  BICOLOR N 8;19-12-25; 1.200 ;100
COM0317;800000000-2;10029;AEROGRAFO X 125 ML CHORRO DSF-1505 K3;09-12-25; 1.200 ;20
COM0318;800000000-2;12177;AGUJAS PISTOLA PINTAR;14-11-25; 1.200 ;50
COM0319;800176527-8;10033;ALAMBRE PUA C16 X 200MT CORSAN;01-08-25; 1.200 ;10
COM0320;800162948-7;10024;ACOPLE SANITARIO GRIPLAS;05-09-25; 1.200 ;10
COM0321;800054316-5;10054;ALAMBRE CENTELSA N 14 AZUL;15-04-25; 1.200 ;20
COM0322;800122211-1;10021;ACOPLE LAVAMANOS GRIPLAS;22-06-25; 1.200 ;50
COM0323;800054316-5;10037;ALAMBRE CENTELSA N  8 BLANCO;03-04-26; 1.200 ;10
COM0324;800149369-2;10987;AGUA STOP PINES SAPITO GERFOR 580051;22-09-25; 1.200 ;50
COM0325;800176527-8;12240;ACOPLE PASTA SAMURAY ECONOMICO;20-04-26; 1.200 ;100
COM0326;800054316-5;10031;ALAMBRE PUA C 14 X 500MT;29-08-25; 1.200 ;10
COM0327;800000000-2;10032;ALAMBRE PUA  C14 X 350MT CORSAN;14-05-25; 1.200 ;100
COM0328;800135790-2;10038;ALAMBRE CENTELSA N  8 NEGRO;09-04-25; 1.200 ;50
COM0329;800135790-2;10015;ABRAZADERA TITAN 31/2A45/16 40-56;14-03-25; 1.200 ;20
COM0330;800054316-5;11696;ADAPTADOR PVC ALARGE 1/2 X 3/8;27-05-25; 1.200 ;50
COM0331;800081474-6;10040;ALAMBRE CENTELSA N  8 VERDE;16-03-25; 1.200 ;10
COM0332;800040737-0;10025;ACRONAL  DE 1/4;24-12-25; 1.200 ;100
COM0333;800135790-2;10050;ALAMBRE CENTELSA N 12 NEGRO;20-06-25; 1.200 ;50
COM0334;800122211-1;10012;ABRAZADERA TITAN  2A2-3/8 40-36;16-04-26; 1.200 ;20
COM0335;800190106-7;10064;ALICATE STANLEY N 8 84-023;10-06-25; 1.200 ;20
COM0336;800190106-7;10061;ALICATE 6 NARANJA DSF-6049;11-06-25; 1.200 ;100
COM0337;800122211-1;11700;"ADAPTADOR MACHO DE 1/2"" PVC LEO";29-06-25; 1.200 ;100
COM0338;800027158-6;11057;ACOPLE LAVAMANOS GRIVAL 40CMS;08-02-26; 1.200 ;20
COM0339;800122211-1;11071;ACOPLE LAVAMANOS GRIVAL LARGO 60;28-04-26; 1.200 ;10
COM0340;800149369-2;10045;ALAMBRE CENTELSA N 10 ROJO;07-06-25; 1.200 ;100
COM0341;800162948-7;10021;ACOPLE LAVAMANOS GRIPLAS;15-06-25; 1.200 ;50
COM0342;800176527-8;10021;ACOPLE LAVAMANOS GRIPLAS;15-06-25; 1.200 ;20
COM0343;800054316-5;10007;ABRAZADERA TITAN 29/32A1-3/8 40-16;04-05-25; 1.200 ;50
COM0344;800054316-5;10039;ALAMBRE CENTELSA N  8 ROJO;06-04-26; 1.200 ;100
COM0345;800081474-6;10042;ALAMBRE CENTELSA N 10 AZUL;03-04-26; 1.200 ;50
COM0346;800095053-3;11057;ACOPLE LAVAMANOS GRIVAL 40CMS;24-03-26; 1.200 ;20
COM0347;800190106-7;11685;ACOPLE CAUCHO SUELTO LICUADORA OSTER;24-12-25; 1.200 ;10
COM0348;800108632-3;10012;ABRAZADERA TITAN  2A2-3/8 40-36;08-08-25; 1.200 ;50
COM0349;800149369-2;10011;ABRAZADERA TITAN 13/4A21/2  40-32;02-02-25; 1.200 ;20
COM0350;800162948-7;11072;ACOPLE SANITARIO GRIVAL LARGO 55;25-03-26; 1.200 ;100
COM0351;800067895-0;10879;ADAPTADOR MACHO 1/2 X 16MM PE AL PE;17-02-25; 1.200 ;50
COM0352;800095053-3;10009;ABRAZADERA TITAN 11/8A17/8  40-24;14-03-26; 1.200 ;100
COM0353;800054316-5;10022;ACOPLE SANITARIO CARDENAS LARGO;27-09-25; 1.200 ;10
COM0354;800135790-2;10038;ALAMBRE CENTELSA N  8 NEGRO;29-03-25; 1.200 ;10
COM0355;800027158-6;10038;ALAMBRE CENTELSA N  8 NEGRO;27-06-25; 1.200 ;100
COM0356;800095053-3;10016;ACEITE USA1 X 30 CC;01-03-26; 1.200 ;10
COM0357;800027158-6;10044;ALAMBRE CENTELSA N 10 NEGRO;17-10-25; 1.200 ;10
COM0358;800149369-2;11698;"ADAPTADOR HEMBRA  1/2"" LEO PRECION";16-09-25; 1.200 ;50
COM0359;800067895-0;10036;ALAMBRE CENTELSA N  8 AZUL;03-03-26; 1.200 ;10
COM0360;800000000-2;10001;ABRAZADERA 1/2 ECONOMICA;04-03-25; 1.200 ;10
COM0361;800108632-3;10022;ACOPLE SANITARIO CARDENAS LARGO;30-04-25; 1.200 ;10
COM0362;800027158-6;11942;AGUA STOP CAUCHO GRIPLAS;16-05-25; 1.200 ;10
COM0363;800013579-1;10045;ALAMBRE CENTELSA N 10 ROJO;01-01-25; 1.200 ;100
COM0364;800108632-3;10064;ALICATE STANLEY N 8 84-023;03-10-25; 1.200 ;20
COM0365;800122211-1;10027;AEROGRAFO F75 400 ML DSF-1499;02-03-26; 1.200 ;20
COM0366;800149369-2;11830;ALQUITRAN POR KILO;06-07-25; 1.200 ;100
COM0367;800190106-7;10018;ACIDO CORRIENTE X 480;09-10-25; 1.200 ;100
COM0368;800176527-8;10061;ALICATE 6 NARANJA DSF-6049;12-02-25; 1.200 ;100
COM0369;800176527-8;10003;ABRAZADERA TITAN 5/16A5/8 - 3/8  10-04;01-03-25; 1.200 ;50
COM0370;800040737-0;10057;ALAMBRE CENTELSA N 14 ROJO;08-01-25; 1.200 ;20
COM0371;800108632-3;10033;ALAMBRE PUA C16 X 200MT CORSAN;05-03-26; 1.200 ;100
COM0372;800081474-6;10053;ALAMBRE CENTELSA N 14 AMARILLO;27-03-25; 1.200 ;100
COM0373;800067895-0;11703;"ADAPTADOR MACHO DE 11/2"" PVC LEO";23-04-25; 1.200 ;50
COM0374;800081474-6;10035;ALAMBRE CENTELSA N  8 AMARILLO;12-05-26; 1.200 ;10
COM0375;800081474-6;10019;ACOPLE LAVAMANO CORTO  CARDENAS;05-03-26; 1.200 ;50
COM0376;800176527-8;10021;ACOPLE LAVAMANOS GRIPLAS;19-10-25; 1.200 ;100
COM0377;800040737-0;10024;ACOPLE SANITARIO GRIPLAS;29-09-25; 1.200 ;100
COM0378;800108632-3;11941;AGUA STOP AHORRADOR PLASTIG;09-05-25; 1.200 ;10
COM0379;800040737-0;11700;"ADAPTADOR MACHO DE 1/2"" PVC LEO";25-04-25; 1.200 ;20
COM0380;800081474-6;10023;ACOPLE SANITARIO CORTO CARDENAS;28-07-25; 1.200 ;20
COM0381;800176527-8;10050;ALAMBRE CENTELSA N 12 NEGRO;20-12-25; 1.200 ;100
COM0382;800040737-0;10018;ACIDO CORRIENTE X 480;13-04-25; 1.200 ;10
COM0383;800000000-2;10987;AGUA STOP PINES SAPITO GERFOR 580051;08-01-26; 1.200 ;10
COM0384;800013579-1;12242;ACOPLE SAMURAY PREMIER AMARILLO;08-05-25; 1.200 ;10
COM0385;800081474-6;10023;ACOPLE SANITARIO CORTO CARDENAS;06-08-25; 1.200 ;10
COM0386;800040737-0;11941;AGUA STOP AHORRADOR PLASTIG;05-09-25; 1.200 ;100
COM0387;800081474-6;11057;ACOPLE LAVAMANOS GRIVAL 40CMS;27-04-25; 1.200 ;100
COM0388;800027158-6;10014;ABRAZADERA TITAN 2-3/8A3-1/8  40-44;29-03-26; 1.200 ;20
COM0389;800149369-2;10010;ABRAZADERA TITAN 11/4A2 40-28;05-03-26; 1.200 ;100
COM0390;800162948-7;10002;ABRAZADERA TITAN 5/16-15/32 10-00;03-08-25; 1.200 ;100
COM0391;800067895-0;10017;ACEITE USA1 X 70 CC;05-02-26; 1.200 ;10
COM0392;800013579-1;11830;ALQUITRAN POR KILO;21-05-25; 1.200 ;20
COM0393;800000000-2;11704;"ADAPTADOR MACHO DE 2"" PVC LEO";25-03-25; 1.200 ;10
COM0394;800013579-1;10042;ALAMBRE CENTELSA N 10 AZUL;19-12-25; 1.200 ;50
COM0395;800122211-1;10012;ABRAZADERA TITAN  2A2-3/8 40-36;03-05-26; 1.200 ;10
COM0396;800135790-2;10031;ALAMBRE PUA C 14 X 500MT;13-06-25; 1.200 ;100
COM0397;800081474-6;11060;AGUA STOP PASTA GRIVAL;13-03-25; 1.200 ;10
COM0398;800095053-3;10056;ALAMBRE CENTELSA N 14 NEGRO;04-06-25; 1.200 ;100
COM0399;800190106-7;10015;ABRAZADERA TITAN 31/2A45/16 40-56;19-11-25; 1.200 ;10
COM0400;800162948-7;12240;ACOPLE PASTA SAMURAY ECONOMICO;29-06-25; 1.200 ;50
COM0401;800135790-2;10084;AGUAMONIACO  FRASCO X 480;19-05-25; 1.200 ;50
COM0402;800135790-2;10050;ALAMBRE CENTELSA N 12 NEGRO;12-05-25; 1.200 ;50
COM0403;800081474-6;10023;ACOPLE SANITARIO CORTO CARDENAS;01-06-25; 1.200 ;50
COM0404;800081474-6;10040;ALAMBRE CENTELSA N  8 VERDE;23-09-25; 1.200 ;50
COM0405;800135790-2;11685;ACOPLE CAUCHO SUELTO LICUADORA OSTER;11-02-25; 1.200 ;10
COM0406;800040737-0;10050;ALAMBRE CENTELSA N 12 NEGRO;14-01-25; 1.200 ;20
COM0407;800067895-0;11060;AGUA STOP PASTA GRIVAL;27-02-26; 1.200 ;10
COM0408;800190106-7;11697;"ADAPTADOR HEMBRA DE 1"" PVC LEO";13-05-26; 1.200 ;50
COM0409;800027158-6;11704;"ADAPTADOR MACHO DE 2"" PVC LEO";27-02-25; 1.200 ;50
COM0410;800054316-5;10002;ABRAZADERA TITAN 5/16-15/32 10-00;04-05-26; 1.200 ;20
COM0411;800000000-2;11698;"ADAPTADOR HEMBRA  1/2"" LEO PRECION";13-10-25; 1.200 ;50
COM0412;800108632-3;10047;ALAMBRE CENTELSA N 12 AMARILLO;16-06-25; 1.200 ;50
COM0413;800027158-6;10012;ABRAZADERA TITAN  2A2-3/8 40-36;18-09-25; 1.200 ;10
COM0414;800162948-7;10051;ALAMBRE CENTELSA N 12 ROJO;22-04-25; 1.200 ;50
COM0415;800149369-2;10031;ALAMBRE PUA C 14 X 500MT;19-01-26; 1.200 ;50
COM0416;800149369-2;11943;AGUA STOP PLASTGRIFOS;28-09-25; 1.200 ;10
COM0417;800162948-7;10023;ACOPLE SANITARIO CORTO CARDENAS;13-03-26; 1.200 ;100
COM0418;800190106-7;10024;ACOPLE SANITARIO GRIPLAS;15-12-25; 1.200 ;20
COM0419;800081474-6;10046;ALAMBRE CENTELSA N 10 VERDE;18-03-26; 1.200 ;20
COM0420;800081474-6;10015;ABRAZADERA TITAN 31/2A45/16 40-56;16-07-25; 1.200 ;20
COM0421;800040737-0;10029;AEROGRAFO X 125 ML CHORRO DSF-1505 K3;28-10-25; 1.200 ;50
COM0422;800135790-2;12241;ACOPLE SAMURAY CAUCHO ECONOMICO;23-10-25; 1.200 ;20
COM0423;800190106-7;11943;AGUA STOP PLASTGRIFOS;16-06-25; 1.200 ;20
COM0424;800040737-0;11703;"ADAPTADOR MACHO DE 11/2"" PVC LEO";10-07-25; 1.200 ;50
COM0425;800162948-7;10029;AEROGRAFO X 125 ML CHORRO DSF-1505 K3;30-10-25; 1.200 ;20
COM0426;800027158-6;10037;ALAMBRE CENTELSA N  8 BLANCO;18-05-25; 1.200 ;20
COM0427;800000000-2;10044;ALAMBRE CENTELSA N 10 NEGRO;18-12-25; 1.200 ;100
COM0428;800095053-3;10058;ALAMBRE CENTELSA N 14 VERDE;02-03-25; 1.200 ;10
COM0429;800054316-5;11696;ADAPTADOR PVC ALARGE 1/2 X 3/8;02-11-25; 1.200 ;50
COM0430;800040737-0;10035;ALAMBRE CENTELSA N  8 AMARILLO;22-04-25; 1.200 ;100
COM0431;800108632-3;12597;ADAPTADOR DE 3/4 EMT;09-02-25; 1.200 ;100
COM0432;800135790-2;10021;ACOPLE LAVAMANOS GRIPLAS;21-02-25; 1.200 ;50
COM0433;800013579-1;10046;ALAMBRE CENTELSA N 10 VERDE;16-03-26; 1.200 ;100
COM0434;800054316-5;11703;"ADAPTADOR MACHO DE 11/2"" PVC LEO";11-04-26; 1.200 ;10
COM0435;800176527-8;10044;ALAMBRE CENTELSA N 10 NEGRO;29-11-25; 1.200 ;20
COM0436;800149369-2;12188;ACOPLE RAPIDO PISTOLA X 2 DORADO DSF-6035;10-10-25; 1.200 ;100
COM0437;800176527-8;10022;ACOPLE SANITARIO CARDENAS LARGO;25-07-25; 1.200 ;10
COM0438;800067895-0;10020;ACOPLE LAVAMANOS CARDENAS LARGO;05-10-25; 1.200 ;20
COM0439;800135790-2;10049;ALAMBRE CENTELSA N 12 BLANCO;22-04-26; 1.200 ;100
COM0440;800027158-6;10015;ABRAZADERA TITAN 31/2A45/16 40-56;30-10-25; 1.200 ;100
COM0441;800162948-7;10030;AEROGRAFO X 150 ML ABANICO HOPEX F2;17-12-25; 1.200 ;100
COM0442;800095053-3;11058;ACOPLE SANITARIO GRIVAL 40 CMS;07-01-26; 1.200 ;50
COM0443;800149369-2;10046;ALAMBRE CENTELSA N 10 VERDE;20-01-25; 1.200 ;10
COM0444;800122211-1;10049;ALAMBRE CENTELSA N 12 BLANCO;05-04-26; 1.200 ;10
COM0445;800190106-7;10013;ABRAZADERA TITAN 23/8A31/8  40-40;04-01-25; 1.200 ;10
COM0446;800135790-2;10022;ACOPLE SANITARIO CARDENAS LARGO;28-04-25; 1.200 ;20
COM0447;800027158-6;10010;ABRAZADERA TITAN 11/4A2 40-28;10-04-25; 1.200 ;50
COM0448;800054316-5;10062;ALICATE 8 NARANJA DSF-6050;18-09-25; 1.200 ;50
COM0449;800013579-1;10036;ALAMBRE CENTELSA N  8 AZUL;19-05-25; 1.200 ;50
COM0450;800054316-5;12240;ACOPLE PASTA SAMURAY ECONOMICO;19-03-25; 1.200 ;50
COM0451;800027158-6;11058;ACOPLE SANITARIO GRIVAL 40 CMS;22-11-25; 1.200 ;10
COM0452;800081474-6;10058;ALAMBRE CENTELSA N 14 VERDE;16-03-25; 1.200 ;20
COM0453;800176527-8;10878;ADAPTADOR HEMBRA 1/2 X 16MM PE AL PE;25-08-25; 1.200 ;50
COM0454;800135790-2;12178;ACOPLE RAPIDO PISTOLA PINTAR JUEGO X 5;02-07-25; 1.200 ;10
COM0455;800027158-6;10010;ABRAZADERA TITAN 11/4A2 40-28;05-12-25; 1.200 ;100
COM0456;800067895-0;10032;ALAMBRE PUA  C14 X 350MT CORSAN;14-05-25; 1.200 ;50
COM0457;800081474-6;11058;ACOPLE SANITARIO GRIVAL 40 CMS;27-01-25; 1.200 ;10
COM0458;800176527-8;10031;ALAMBRE PUA C 14 X 500MT;18-02-26; 1.200 ;10
COM0459;800040737-0;10028;AEROGRAFO LAPICERO X 4 HOPEX PROFESI;07-03-26; 1.200 ;50
COM0460;800027158-6;11059;AGUA STOP CAUCHO GRIVAL;27-02-25; 1.200 ;10
COM0461;800095053-3;10008;ABRAZADERA TITAN 1A19/16 40-20;14-01-26; 1.200 ;50
COM0462;800040737-0;10002;ABRAZADERA TITAN 5/16-15/32 10-00;15-02-26; 1.200 ;10
COM0463;800176527-8;10006;ABRAZADERA TITAN 3/4A1 40-12;01-01-25; 1.200 ;100
COM0464;800081474-6;10009;ABRAZADERA TITAN 11/8A17/8  40-24;12-12-25; 1.200 ;10
COM0465;800040737-0;12596;ADAPTADOR DE 1/2 EMT;03-03-26; 1.200 ;100
COM0466;800149369-2;10037;ALAMBRE CENTELSA N  8 BLANCO;20-02-25; 1.200 ;10
COM0467;800162948-7;12241;ACOPLE SAMURAY CAUCHO ECONOMICO;22-02-25; 1.200 ;100
COM0468;800081474-6;10060;ALICATE  BICOLOR N 8;24-03-26; 1.200 ;50
COM0469;800054316-5;10031;ALAMBRE PUA C 14 X 500MT;23-02-25; 1.200 ;10
COM0470;800108632-3;12187;ACOPLE RAPIDO PISTOLA PINTAR;27-01-25; 1.200 ;10
COM0471;800013579-1;10059;ALCOHOL INDUSTRIAL X 500;20-04-25; 1.200 ;20
COM0472;800108632-3;10025;ACRONAL  DE 1/4;13-01-25; 1.200 ;20
COM0473;800027158-6;10040;ALAMBRE CENTELSA N  8 VERDE;24-08-25; 1.200 ;50
COM0474;800176527-8;10053;ALAMBRE CENTELSA N 14 AMARILLO;23-04-26; 1.200 ;20
COM0475;800108632-3;10050;ALAMBRE CENTELSA N 12 NEGRO;11-12-25; 1.200 ;10
COM0476;800000000-2;10022;ACOPLE SANITARIO CARDENAS LARGO;04-10-25; 1.200 ;20
COM0477;800013579-1;10024;ACOPLE SANITARIO GRIPLAS;30-07-25; 1.200 ;100
COM0478;800095053-3;10005;ABRAZADERA TITAN 1/2A3/4  40-06;14-03-26; 1.200 ;100
COM0479;800067895-0;10032;ALAMBRE PUA  C14 X 350MT CORSAN;15-06-25; 1.200 ;10
COM0480;800176527-8;10026;ACRONAL  DE GALON;14-05-26; 1.200 ;20
COM0481;800040737-0;12187;ACOPLE RAPIDO PISTOLA PINTAR;17-03-25; 1.200 ;100
COM0482;800067895-0;11685;ACOPLE CAUCHO SUELTO LICUADORA OSTER;09-09-25; 1.200 ;50
COM0483;800190106-7;10001;ABRAZADERA 1/2 ECONOMICA;03-06-25; 1.200 ;10
COM0484;800027158-6;10051;ALAMBRE CENTELSA N 12 ROJO;19-12-25; 1.200 ;20
COM0485;800190106-7;11059;AGUA STOP CAUCHO GRIVAL;20-05-25; 1.200 ;10
COM0486;800108632-3;11702;"ADAPTADOR MACHO DE 1"" LEO";09-01-25; 1.200 ;10
COM0487;800013579-1;11059;AGUA STOP CAUCHO GRIVAL;27-11-25; 1.200 ;50
COM0488;800027158-6;10001;ABRAZADERA 1/2 ECONOMICA;17-06-25; 1.200 ;20
COM0489;800176527-8;12177;AGUJAS PISTOLA PINTAR;22-03-26; 1.200 ;50
COM0490;800081474-6;11072;ACOPLE SANITARIO GRIVAL LARGO 55;26-10-25; 1.200 ;10
COM0491;800095053-3;10025;ACRONAL  DE 1/4;15-10-25; 1.200 ;10
COM0492;800013579-1;10050;ALAMBRE CENTELSA N 12 NEGRO;30-07-25; 1.200 ;100
COM0493;800122211-1;11697;"ADAPTADOR HEMBRA DE 1"" PVC LEO";09-05-26; 1.200 ;10
COM0494;800135790-2;10986;AGUA STOP ARGOLLA GERFOR 581140;11-03-25; 1.200 ;100
COM0495;800067895-0;10011;ABRAZADERA TITAN 13/4A21/2  40-32;12-09-25; 1.200 ;20
COM0496;800040737-0;10055;ALAMBRE CENTELSA N 14 BLANCO;03-03-25; 1.200 ;50
COM0497;800054316-5;10027;AEROGRAFO F75 400 ML DSF-1499;02-09-25; 1.200 ;50
COM0498;800122211-1;12178;ACOPLE RAPIDO PISTOLA PINTAR JUEGO X 5;13-07-25; 1.200 ;50
COM0499;800000000-2;10025;ACRONAL  DE 1/4;23-08-25; 1.200 ;20
COM0500;800122211-1;11697;"ADAPTADOR HEMBRA DE 1"" PVC LEO";16-04-26; 1.200 ;50
COM0501;800000000-2;11702;"ADAPTADOR MACHO DE 1"" LEO";17-04-25; 1.200 ;20
COM0502;800190106-7;10024;ACOPLE SANITARIO GRIPLAS;12-08-25; 1.200 ;10
COM0503;800040737-0;10879;ADAPTADOR MACHO 1/2 X 16MM PE AL PE;16-06-25; 1.200 ;10
COM0504;800054316-5;10017;ACEITE USA1 X 70 CC;29-03-26; 1.200 ;50
COM0505;800162948-7;10042;ALAMBRE CENTELSA N 10 AZUL;06-08-25; 1.200 ;100
COM0506;800013579-1;10012;ABRAZADERA TITAN  2A2-3/8 40-36;17-01-25; 1.200 ;20
COM0507;800000000-2;10020;ACOPLE LAVAMANOS CARDENAS LARGO;26-08-25; 1.200 ;10
COM0508;800149369-2;12242;ACOPLE SAMURAY PREMIER AMARILLO;27-03-26; 1.200 ;20
COM0509;800149369-2;11703;"ADAPTADOR MACHO DE 11/2"" PVC LEO";03-04-26; 1.200 ;50
COM0510;800000000-2;12178;ACOPLE RAPIDO PISTOLA PINTAR JUEGO X 5;06-06-25; 1.200 ;10
COM0511;800149369-2;10023;ACOPLE SANITARIO CORTO CARDENAS;02-08-25; 1.200 ;50
COM0512;800108632-3;10025;ACRONAL  DE 1/4;03-05-25; 1.200 ;100
COM0513;800013579-1;10029;AEROGRAFO X 125 ML CHORRO DSF-1505 K3;21-07-25; 1.200 ;50
COM0514;800067895-0;10046;ALAMBRE CENTELSA N 10 VERDE;18-02-25; 1.200 ;10
COM0515;800095053-3;10024;ACOPLE SANITARIO GRIPLAS;17-11-25; 1.200 ;50
COM0516;800176527-8;12241;ACOPLE SAMURAY CAUCHO ECONOMICO;06-04-26; 1.200 ;20
COM0517;800095053-3;10041;ALAMBRE CENTELSA N 10 AMARILLO;18-08-25; 1.200 ;10
COM0518;800122211-1;11942;AGUA STOP CAUCHO GRIPLAS;22-04-25; 1.200 ;20
COM0519;800013579-1;10055;ALAMBRE CENTELSA N 14 BLANCO;06-02-25; 1.200 ;100
COM0520;800190106-7;10061;ALICATE 6 NARANJA DSF-6049;10-01-25; 1.200 ;100
COM0521;800067895-0;10036;ALAMBRE CENTELSA N  8 AZUL;28-03-25; 1.200 ;100
COM0522;800095053-3;10035;ALAMBRE CENTELSA N  8 AMARILLO;02-12-25; 1.200 ;100
COM0523;800067895-0;11071;ACOPLE LAVAMANOS GRIVAL LARGO 60;16-04-26; 1.200 ;50
COM0524;800000000-2;10023;ACOPLE SANITARIO CORTO CARDENAS;04-10-25; 1.200 ;50
COM0525;800108632-3;10010;ABRAZADERA TITAN 11/4A2 40-28;10-10-25; 1.200 ;100
COM0526;800135790-2;10020;ACOPLE LAVAMANOS CARDENAS LARGO;02-09-25; 1.200 ;10
COM0527;800054316-5;10014;ABRAZADERA TITAN 2-3/8A3-1/8  40-44;27-01-26; 1.200 ;10
COM0528;800013579-1;11704;"ADAPTADOR MACHO DE 2"" PVC LEO";05-02-25; 1.200 ;20
COM0529;800054316-5;10987;AGUA STOP PINES SAPITO GERFOR 580051;06-06-25; 1.200 ;100
COM0530;800040737-0;10016;ACEITE USA1 X 30 CC;08-07-25; 1.200 ;10
COM0531;800054316-5;10028;AEROGRAFO LAPICERO X 4 HOPEX PROFESI;03-02-25; 1.200 ;10
COM0532;800067895-0;10012;ABRAZADERA TITAN  2A2-3/8 40-36;28-08-25; 1.200 ;10
COM0533;800054316-5;10006;ABRAZADERA TITAN 3/4A1 40-12;02-06-25; 1.200 ;20
COM0534;800027158-6;12597;ADAPTADOR DE 3/4 EMT;13-01-26; 1.200 ;10
COM0535;800054316-5;11704;"ADAPTADOR MACHO DE 2"" PVC LEO";28-04-26; 1.200 ;100
COM0536;800027158-6;11942;AGUA STOP CAUCHO GRIPLAS;04-10-25; 1.200 ;10
COM0537;800040737-0;10879;ADAPTADOR MACHO 1/2 X 16MM PE AL PE;28-06-25; 1.200 ;20
COM0538;800081474-6;10019;ACOPLE LAVAMANO CORTO  CARDENAS;26-08-25; 1.200 ;20
COM0539;800162948-7;10040;ALAMBRE CENTELSA N  8 VERDE;26-12-25; 1.200 ;10
COM0540;800095053-3;12177;AGUJAS PISTOLA PINTAR;30-07-25; 1.200 ;10
COM0541;800040737-0;10027;AEROGRAFO F75 400 ML DSF-1499;24-06-25; 1.200 ;10
COM0542;800054316-5;11700;"ADAPTADOR MACHO DE 1/2"" PVC LEO";06-05-25; 1.200 ;20
COM0543;800013579-1;10022;ACOPLE SANITARIO CARDENAS LARGO;04-11-25; 1.200 ;100
COM0544;800027158-6;10042;ALAMBRE CENTELSA N 10 AZUL;13-10-25; 1.200 ;100
COM0545;800000000-2;11060;AGUA STOP PASTA GRIVAL;04-07-25; 1.200 ;100
COM0546;800122211-1;12597;ADAPTADOR DE 3/4 EMT;19-06-25; 1.200 ;100
COM0547;800108632-3;10014;ABRAZADERA TITAN 2-3/8A3-1/8  40-44;01-06-25; 1.200 ;100
COM0548;800027158-6;10050;ALAMBRE CENTELSA N 12 NEGRO;26-01-26; 1.200 ;100
COM0549;800054316-5;10002;ABRAZADERA TITAN 5/16-15/32 10-00;03-08-25; 1.200 ;100
COM0550;800027158-6;10009;ABRAZADERA TITAN 11/8A17/8  40-24;05-05-26; 1.200 ;20
COM0551;800040737-0;10025;ACRONAL  DE 1/4;02-01-25; 1.200 ;20
COM0552;800190106-7;10056;ALAMBRE CENTELSA N 14 NEGRO;13-05-26; 1.200 ;100
COM0553;800040737-0;10026;ACRONAL  DE GALON;28-06-25; 1.200 ;100
COM0554;800040737-0;10048;ALAMBRE CENTELSA N 12 AZUL;21-09-25; 1.200 ;20
COM0555;800095053-3;11699;ADAPTADOR HEMBRA DE 3/4 PVC LEO;02-02-25; 1.200 ;100
COM0556;800067895-0;10004;ABRAZADERA TITAN 7/16A25/32 - 1/2 10-06;17-07-25; 1.200 ;10
COM0557;800081474-6;11698;"ADAPTADOR HEMBRA  1/2"" LEO PRECION";10-01-26; 1.200 ;10
COM0558;800054316-5;10009;ABRAZADERA TITAN 11/8A17/8  40-24;22-01-25; 1.200 ;20
COM0559;800067895-0;10029;AEROGRAFO X 125 ML CHORRO DSF-1505 K3;24-06-25; 1.200 ;10
COM0560;800081474-6;10023;ACOPLE SANITARIO CORTO CARDENAS;05-01-25; 1.200 ;50
COM0561;800000000-2;10004;ABRAZADERA TITAN 7/16A25/32 - 1/2 10-06;11-01-25; 1.200 ;20
COM0562;800054316-5;10005;ABRAZADERA TITAN 1/2A3/4  40-06;04-02-25; 1.200 ;10
COM0563;800054316-5;11071;ACOPLE LAVAMANOS GRIVAL LARGO 60;11-07-25; 1.200 ;100
COM0564;800054316-5;10048;ALAMBRE CENTELSA N 12 AZUL;27-03-26; 1.200 ;20
COM0565;800000000-2;10986;AGUA STOP ARGOLLA GERFOR 581140;20-03-26; 1.200 ;100
COM0566;800067895-0;11943;AGUA STOP PLASTGRIFOS;21-03-25; 1.200 ;50
COM0567;800176527-8;10084;AGUAMONIACO  FRASCO X 480;14-07-25; 1.200 ;20
COM0568;800000000-2;10055;ALAMBRE CENTELSA N 14 BLANCO;13-06-25; 1.200 ;100
COM0569;800081474-6;10987;AGUA STOP PINES SAPITO GERFOR 580051;30-08-25; 1.200 ;50
COM0570;800040737-0;10034;ALAMBRE PUA C16 X 400MT CORSAN;05-11-25; 1.200 ;100
COM0571;800162948-7;12242;ACOPLE SAMURAY PREMIER AMARILLO;19-10-25; 1.200 ;20
COM0572;800135790-2;10735;ADAPTADOR DE ESPIGO A ROSCA DE 1/2;03-02-25; 1.200 ;50
COM0573;800162948-7;10063;ALICATE FOCCI 8,5 DSF-1684;10-09-25; 1.200 ;50
COM0574;800135790-2;11685;ACOPLE CAUCHO SUELTO LICUADORA OSTER;19-01-26; 1.200 ;20
COM0575;800122211-1;10028;AEROGRAFO LAPICERO X 4 HOPEX PROFESI;09-10-25; 1.200 ;10
COM0576;800027158-6;11943;AGUA STOP PLASTGRIFOS;08-09-25; 1.200 ;10
COM0577;800000000-2;10028;AEROGRAFO LAPICERO X 4 HOPEX PROFESI;31-03-26; 1.200 ;10
COM0578;800067895-0;10009;ABRAZADERA TITAN 11/8A17/8  40-24;06-03-25; 1.200 ;50
COM0579;800122211-1;10052;ALAMBRE CENTELSA N 12 VERDE;23-07-25; 1.200 ;100
COM0580;800081474-6;10013;ABRAZADERA TITAN 23/8A31/8  40-40;23-09-25; 1.200 ;100
COM0581;800135790-2;10735;ADAPTADOR DE ESPIGO A ROSCA DE 1/2;13-04-25; 1.200 ;50
COM0582;800081474-6;10037;ALAMBRE CENTELSA N  8 BLANCO;27-06-25; 1.200 ;100
COM0583;800149369-2;10735;ADAPTADOR DE ESPIGO A ROSCA DE 1/2;08-02-26; 1.200 ;10
COM0584;800108632-3;11943;AGUA STOP PLASTGRIFOS;06-08-25; 1.200 ;50
COM0585;800108632-3;10002;ABRAZADERA TITAN 5/16-15/32 10-00;29-10-25; 1.200 ;100
COM0586;800122211-1;10052;ALAMBRE CENTELSA N 12 VERDE;10-07-25; 1.200 ;10
COM0587;800000000-2;11700;"ADAPTADOR MACHO DE 1/2"" PVC LEO";02-03-26; 1.200 ;100
COM0588;800135790-2;11685;ACOPLE CAUCHO SUELTO LICUADORA OSTER;26-05-25; 1.200 ;20
COM0589;800054316-5;10054;ALAMBRE CENTELSA N 14 AZUL;16-08-25; 1.200 ;50
COM0590;800054316-5;10019;ACOPLE LAVAMANO CORTO  CARDENAS;27-03-25; 1.200 ;10
COM0591;800067895-0;10058;ALAMBRE CENTELSA N 14 VERDE;02-01-26; 1.200 ;50
COM0592;800176527-8;11943;AGUA STOP PLASTGRIFOS;28-09-25; 1.200 ;50
COM0593;800040737-0;10006;ABRAZADERA TITAN 3/4A1 40-12;01-05-25; 1.200 ;100
COM0594;800176527-8;12187;ACOPLE RAPIDO PISTOLA PINTAR;12-08-25; 1.200 ;10
COM0595;800108632-3;10047;ALAMBRE CENTELSA N 12 AMARILLO;09-08-25; 1.200 ;20
COM0596;800095053-3;10044;ALAMBRE CENTELSA N 10 NEGRO;11-04-26; 1.200 ;10
COM0597;800000000-2;10063;ALICATE FOCCI 8,5 DSF-1684;08-09-25; 1.200 ;10
COM0598;800013579-1;11060;AGUA STOP PASTA GRIVAL;25-10-25; 1.200 ;10
COM0599;800054316-5;10010;ABRAZADERA TITAN 11/4A2 40-28;11-05-26; 1.200 ;10
COM0600;800081474-6;10011;ABRAZADERA TITAN 13/4A21/2  40-32;27-04-26; 1.200 ;20
COM0601;800040737-0;10063;ALICATE FOCCI 8,5 DSF-1684;23-09-25; 1.200 ;50
COM0602;800162948-7;11699;ADAPTADOR HEMBRA DE 3/4 PVC LEO;16-01-25; 1.200 ;10
COM0603;800027158-6;11059;AGUA STOP CAUCHO GRIVAL;21-08-25; 1.200 ;50
COM0604;800081474-6;10057;ALAMBRE CENTELSA N 14 ROJO;11-07-25; 1.200 ;20
COM0605;800176527-8;10029;AEROGRAFO X 125 ML CHORRO DSF-1505 K3;25-03-26; 1.200 ;100
COM0606;800067895-0;10038;ALAMBRE CENTELSA N  8 NEGRO;13-02-25; 1.200 ;100
COM0607;800108632-3;10053;ALAMBRE CENTELSA N 14 AMARILLO;29-01-26; 1.200 ;50
COM0608;800108632-3;10018;ACIDO CORRIENTE X 480;16-01-25; 1.200 ;10
COM0609;800095053-3;10016;ACEITE USA1 X 30 CC;17-02-25; 1.200 ;10
COM0610;800054316-5;11702;"ADAPTADOR MACHO DE 1"" LEO";21-03-25; 1.200 ;20
COM0611;800162948-7;10001;ABRAZADERA 1/2 ECONOMICA;15-04-26; 1.200 ;50
COM0612;800054316-5;10063;ALICATE FOCCI 8,5 DSF-1684;18-03-26; 1.200 ;20
COM0613;800040737-0;12240;ACOPLE PASTA SAMURAY ECONOMICO;04-08-25; 1.200 ;20
COM0614;800013579-1;10035;ALAMBRE CENTELSA N  8 AMARILLO;19-02-25; 1.200 ;50
COM0615;800000000-2;10044;ALAMBRE CENTELSA N 10 NEGRO;09-11-25; 1.200 ;10
COM0616;800162948-7;10045;ALAMBRE CENTELSA N 10 ROJO;06-04-25; 1.200 ;20
COM0617;800095053-3;10028;AEROGRAFO LAPICERO X 4 HOPEX PROFESI;15-06-25; 1.200 ;10
COM0618;800000000-2;11697;"ADAPTADOR HEMBRA DE 1"" PVC LEO";06-11-25; 1.200 ;100
COM0619;800054316-5;10053;ALAMBRE CENTELSA N 14 AMARILLO;16-08-25; 1.200 ;20
COM0620;800176527-8;10023;ACOPLE SANITARIO CORTO CARDENAS;19-10-25; 1.200 ;50
COM0621;800122211-1;10025;ACRONAL  DE 1/4;21-09-25; 1.200 ;10
COM0622;800013579-1;12177;AGUJAS PISTOLA PINTAR;11-07-25; 1.200 ;20
COM0623;800190106-7;10031;ALAMBRE PUA C 14 X 500MT;12-05-26; 1.200 ;100
COM0624;800190106-7;10026;ACRONAL  DE GALON;22-03-25; 1.200 ;20
COM0625;800013579-1;10045;ALAMBRE CENTELSA N 10 ROJO;12-03-26; 1.200 ;10
COM0626;800067895-0;10026;ACRONAL  DE GALON;27-10-25; 1.200 ;20
COM0627;800108632-3;10046;ALAMBRE CENTELSA N 10 VERDE;23-03-26; 1.200 ;10
COM0628;800081474-6;10879;ADAPTADOR MACHO 1/2 X 16MM PE AL PE;27-08-25; 1.200 ;50
COM0629;800149369-2;10020;ACOPLE LAVAMANOS CARDENAS LARGO;06-01-26; 1.200 ;50
COM0630;800081474-6;12178;ACOPLE RAPIDO PISTOLA PINTAR JUEGO X 5;13-05-25; 1.200 ;100
COM0631;800176527-8;10063;ALICATE FOCCI 8,5 DSF-1684;05-02-26; 1.200 ;10
COM0632;800081474-6;10024;ACOPLE SANITARIO GRIPLAS;06-04-25; 1.200 ;50
COM0633;800122211-1;10037;ALAMBRE CENTELSA N  8 BLANCO;12-08-25; 1.200 ;100
COM0634;800122211-1;11057;ACOPLE LAVAMANOS GRIVAL 40CMS;12-07-25; 1.200 ;100
COM0635;800054316-5;12241;ACOPLE SAMURAY CAUCHO ECONOMICO;10-12-25; 1.200 ;50
COM0636;800176527-8;10006;ABRAZADERA TITAN 3/4A1 40-12;07-06-25; 1.200 ;20
COM0637;800190106-7;11072;ACOPLE SANITARIO GRIVAL LARGO 55;15-04-26; 1.200 ;10
COM0638;800027158-6;11942;AGUA STOP CAUCHO GRIPLAS;12-08-25; 1.200 ;50
COM0639;800027158-6;12240;ACOPLE PASTA SAMURAY ECONOMICO;23-10-25; 1.200 ;20
COM0640;800190106-7;10036;ALAMBRE CENTELSA N  8 AZUL;28-09-25; 1.200 ;100
COM0641;800040737-0;10013;ABRAZADERA TITAN 23/8A31/8  40-40;30-01-25; 1.200 ;10
COM0642;800095053-3;11060;AGUA STOP PASTA GRIVAL;25-04-25; 1.200 ;10
COM0643;800013579-1;10047;ALAMBRE CENTELSA N 12 AMARILLO;05-05-26; 1.200 ;100
COM0644;800067895-0;11060;AGUA STOP PASTA GRIVAL;18-03-25; 1.200 ;100
COM0645;800190106-7;10025;ACRONAL  DE 1/4;09-09-25; 1.200 ;100
COM0646;800162948-7;12188;ACOPLE RAPIDO PISTOLA X 2 DORADO DSF-6035;28-03-26; 1.200 ;10
COM0647;800040737-0;10056;ALAMBRE CENTELSA N 14 NEGRO;29-01-25; 1.200 ;100
COM0648;800149369-2;12242;ACOPLE SAMURAY PREMIER AMARILLO;08-11-25; 1.200 ;100
COM0649;800013579-1;11701;"ADAPTADOR MACHO DE 3/4"" PVC LEO";18-08-25; 1.200 ;100
COM0650;800176527-8;10001;ABRAZADERA 1/2 ECONOMICA;27-03-25; 1.200 ;100
COM0651;800054316-5;10037;ALAMBRE CENTELSA N  8 BLANCO;01-04-26; 1.200 ;50
COM0652;800190106-7;11685;ACOPLE CAUCHO SUELTO LICUADORA OSTER;10-02-26; 1.200 ;10
COM0653;800027158-6;10036;ALAMBRE CENTELSA N  8 AZUL;06-04-25; 1.200 ;10
COM0654;800067895-0;10043;ALAMBRE CENTELSA N 10 BLANCO;04-10-25; 1.200 ;50
COM0655;800190106-7;12187;ACOPLE RAPIDO PISTOLA PINTAR;12-03-26; 1.200 ;50
COM0656;800108632-3;10044;ALAMBRE CENTELSA N 10 NEGRO;18-02-26; 1.200 ;100
COM0657;800149369-2;10050;ALAMBRE CENTELSA N 12 NEGRO;01-05-25; 1.200 ;20
COM0658;800095053-3;12177;AGUJAS PISTOLA PINTAR;15-10-25; 1.200 ;20
COM0659;800176527-8;10016;ACEITE USA1 X 30 CC;13-01-25; 1.200 ;10
COM0660;800013579-1;10021;ACOPLE LAVAMANOS GRIPLAS;20-10-25; 1.200 ;50
COM0661;800027158-6;10034;ALAMBRE PUA C16 X 400MT CORSAN;21-01-25; 1.200 ;50
COM0662;800122211-1;10035;ALAMBRE CENTELSA N  8 AMARILLO;27-01-25; 1.200 ;100
COM0663;800067895-0;11704;"ADAPTADOR MACHO DE 2"" PVC LEO";14-04-26; 1.200 ;100
COM0664;800122211-1;10035;ALAMBRE CENTELSA N  8 AMARILLO;22-07-25; 1.200 ;10
COM0665;800149369-2;11701;"ADAPTADOR MACHO DE 3/4"" PVC LEO";31-01-26; 1.200 ;50
COM0666;800067895-0;10042;ALAMBRE CENTELSA N 10 AZUL;21-11-25; 1.200 ;100
COM0667;800081474-6;12595;ADAPTADOR DE 1 EMT;10-04-25; 1.200 ;20
COM0668;800135790-2;10064;ALICATE STANLEY N 8 84-023;26-02-25; 1.200 ;50
COM0669;800108632-3;11059;AGUA STOP CAUCHO GRIVAL;04-09-25; 1.200 ;20
COM0670;800000000-2;11703;"ADAPTADOR MACHO DE 11/2"" PVC LEO";02-12-25; 1.200 ;10
COM0671;800162948-7;10054;ALAMBRE CENTELSA N 14 AZUL;02-11-25; 1.200 ;20
COM0672;800000000-2;10049;ALAMBRE CENTELSA N 12 BLANCO;17-03-26; 1.200 ;50
COM0673;800027158-6;10010;ABRAZADERA TITAN 11/4A2 40-28;26-09-25; 1.200 ;50
COM0674;800027158-6;10002;ABRAZADERA TITAN 5/16-15/32 10-00;25-01-25; 1.200 ;10
COM0675;800027158-6;11698;"ADAPTADOR HEMBRA  1/2"" LEO PRECION";23-03-25; 1.200 ;50
COM0676;800135790-2;10058;ALAMBRE CENTELSA N 14 VERDE;29-03-26; 1.200 ;10
COM0677;800067895-0;10016;ACEITE USA1 X 30 CC;20-10-25; 1.200 ;50
COM0678;800108632-3;10031;ALAMBRE PUA C 14 X 500MT;09-02-25; 1.200 ;100
COM0679;800190106-7;10063;ALICATE FOCCI 8,5 DSF-1684;04-08-25; 1.200 ;100
COM0680;800190106-7;11704;"ADAPTADOR MACHO DE 2"" PVC LEO";26-03-25; 1.200 ;20
COM0681;800040737-0;10047;ALAMBRE CENTELSA N 12 AMARILLO;21-05-25; 1.200 ;20
COM0682;800162948-7;10062;ALICATE 8 NARANJA DSF-6050;10-09-25; 1.200 ;50
COM0683;800067895-0;10003;ABRAZADERA TITAN 5/16A5/8 - 3/8  10-04;11-04-26; 1.200 ;10
COM0684;800108632-3;12240;ACOPLE PASTA SAMURAY ECONOMICO;23-01-25; 1.200 ;100
COM0685;800000000-2;10063;ALICATE FOCCI 8,5 DSF-1684;09-01-26; 1.200 ;100
COM0686;800067895-0;10045;ALAMBRE CENTELSA N 10 ROJO;17-07-25; 1.200 ;100
COM0687;800108632-3;10008;ABRAZADERA TITAN 1A19/16 40-20;24-02-26; 1.200 ;100
COM0688;800067895-0;11057;ACOPLE LAVAMANOS GRIVAL 40CMS;07-04-26; 1.200 ;50
COM0689;800081474-6;10051;ALAMBRE CENTELSA N 12 ROJO;28-01-26; 1.200 ;20
COM0690;800067895-0;11830;ALQUITRAN POR KILO;16-04-26; 1.200 ;20
COM0691;800108632-3;11698;"ADAPTADOR HEMBRA  1/2"" LEO PRECION";12-05-26; 1.200 ;10
COM0692;800190106-7;10020;ACOPLE LAVAMANOS CARDENAS LARGO;10-05-26; 1.200 ;100
COM0693;800162948-7;10004;ABRAZADERA TITAN 7/16A25/32 - 1/2 10-06;13-04-26; 1.200 ;20
COM0694;800108632-3;10055;ALAMBRE CENTELSA N 14 BLANCO;22-12-25; 1.200 ;100
COM0695;800108632-3;10023;ACOPLE SANITARIO CORTO CARDENAS;27-07-25; 1.200 ;20
COM0696;800081474-6;10051;ALAMBRE CENTELSA N 12 ROJO;25-03-25; 1.200 ;10
COM0697;800027158-6;10016;ACEITE USA1 X 30 CC;30-12-25; 1.200 ;10
COM0698;800000000-2;10037;ALAMBRE CENTELSA N  8 BLANCO;20-10-25; 1.200 ;100
COM0699;800190106-7;10005;ABRAZADERA TITAN 1/2A3/4  40-06;09-04-26; 1.200 ;10
COM0700;800081474-6;10005;ABRAZADERA TITAN 1/2A3/4  40-06;13-11-25; 1.200 ;50
COM0701;800162948-7;10051;ALAMBRE CENTELSA N 12 ROJO;07-08-25; 1.200 ;100
COM0702;800108632-3;10879;ADAPTADOR MACHO 1/2 X 16MM PE AL PE;09-07-25; 1.200 ;100
COM0703;800176527-8;10018;ACIDO CORRIENTE X 480;10-12-25; 1.200 ;100
COM0704;800067895-0;10012;ABRAZADERA TITAN  2A2-3/8 40-36;13-04-25; 1.200 ;20
COM0705;800149369-2;10054;ALAMBRE CENTELSA N 14 AZUL;27-07-25; 1.200 ;20
COM0706;800095053-3;10039;ALAMBRE CENTELSA N  8 ROJO;22-03-25; 1.200 ;10
COM0707;800162948-7;10062;ALICATE 8 NARANJA DSF-6050;12-05-25; 1.200 ;20
COM0708;800067895-0;10084;AGUAMONIACO  FRASCO X 480;23-05-25; 1.200 ;10
COM0709;800190106-7;12597;ADAPTADOR DE 3/4 EMT;03-05-25; 1.200 ;100
COM0710;800040737-0;10022;ACOPLE SANITARIO CARDENAS LARGO;21-07-25; 1.200 ;10
COM0711;800027158-6;11058;ACOPLE SANITARIO GRIVAL 40 CMS;19-08-25; 1.200 ;10
COM0712;800190106-7;11685;ACOPLE CAUCHO SUELTO LICUADORA OSTER;15-08-25; 1.200 ;10
COM0713;800176527-8;12187;ACOPLE RAPIDO PISTOLA PINTAR;11-08-25; 1.200 ;20
COM0714;800162948-7;10052;ALAMBRE CENTELSA N 12 VERDE;31-03-25; 1.200 ;100
COM0715;800135790-2;10025;ACRONAL  DE 1/4;04-09-25; 1.200 ;10
COM0716;800190106-7;10051;ALAMBRE CENTELSA N 12 ROJO;19-11-25; 1.200 ;20
COM0717;800081474-6;11060;AGUA STOP PASTA GRIVAL;25-05-25; 1.200 ;20
COM0718;800095053-3;12177;AGUJAS PISTOLA PINTAR;29-01-26; 1.200 ;100
COM0719;800040737-0;10064;ALICATE STANLEY N 8 84-023;28-01-26; 1.200 ;50
COM0720;800095053-3;10038;ALAMBRE CENTELSA N  8 NEGRO;10-01-26; 1.200 ;100
COM0721;800149369-2;10031;ALAMBRE PUA C 14 X 500MT;27-02-25; 1.200 ;20
COM0722;800013579-1;10879;ADAPTADOR MACHO 1/2 X 16MM PE AL PE;16-09-25; 1.200 ;10
COM0723;800054316-5;10040;ALAMBRE CENTELSA N  8 VERDE;07-04-26; 1.200 ;10
COM0724;800190106-7;10057;ALAMBRE CENTELSA N 14 ROJO;03-11-25; 1.200 ;10
COM0725;800176527-8;10001;ABRAZADERA 1/2 ECONOMICA;15-09-25; 1.200 ;10
COM0726;800027158-6;10056;ALAMBRE CENTELSA N 14 NEGRO;22-01-25; 1.200 ;100
COM0727;800135790-2;10033;ALAMBRE PUA C16 X 200MT CORSAN;08-01-25; 1.200 ;100
COM0728;800176527-8;12242;ACOPLE SAMURAY PREMIER AMARILLO;12-10-25; 1.200 ;20
COM0729;800054316-5;10033;ALAMBRE PUA C16 X 200MT CORSAN;22-10-25; 1.200 ;20
COM0730;800149369-2;10017;ACEITE USA1 X 70 CC;15-03-25; 1.200 ;50
COM0731;800095053-3;10039;ALAMBRE CENTELSA N  8 ROJO;15-12-25; 1.200 ;50
COM0732;800081474-6;10049;ALAMBRE CENTELSA N 12 BLANCO;22-05-25; 1.200 ;20
COM0733;800013579-1;10036;ALAMBRE CENTELSA N  8 AZUL;17-01-26; 1.200 ;100
COM0734;800027158-6;10059;ALCOHOL INDUSTRIAL X 500;27-07-25; 1.200 ;50
COM0735;800108632-3;10011;ABRAZADERA TITAN 13/4A21/2  40-32;05-07-25; 1.200 ;20
COM0736;800067895-0;10036;ALAMBRE CENTELSA N  8 AZUL;25-03-25; 1.200 ;10
COM0737;800095053-3;10007;ABRAZADERA TITAN 29/32A1-3/8 40-16;08-03-25; 1.200 ;50
COM0738;800176527-8;10038;ALAMBRE CENTELSA N  8 NEGRO;25-08-25; 1.200 ;20
COM0739;800054316-5;10044;ALAMBRE CENTELSA N 10 NEGRO;14-04-25; 1.200 ;100
COM0740;800000000-2;10025;ACRONAL  DE 1/4;28-12-25; 1.200 ;10
COM0741;800000000-2;10002;ABRAZADERA TITAN 5/16-15/32 10-00;28-02-26; 1.200 ;10
COM0742;800013579-1;10021;ACOPLE LAVAMANOS GRIPLAS;09-03-25; 1.200 ;100
COM0743;800122211-1;10027;AEROGRAFO F75 400 ML DSF-1499;10-03-26; 1.200 ;50
COM0744;800040737-0;10015;ABRAZADERA TITAN 31/2A45/16 40-56;05-04-26; 1.200 ;50
COM0745;800135790-2;10084;AGUAMONIACO  FRASCO X 480;08-03-26; 1.200 ;20
COM0746;800000000-2;10040;ALAMBRE CENTELSA N  8 VERDE;25-10-25; 1.200 ;20
COM0747;800176527-8;10053;ALAMBRE CENTELSA N 14 AMARILLO;02-02-25; 1.200 ;10
COM0748;800176527-8;10986;AGUA STOP ARGOLLA GERFOR 581140;12-08-25; 1.200 ;20
COM0749;800081474-6;10054;ALAMBRE CENTELSA N 14 AZUL;12-03-25; 1.200 ;100
COM0750;800000000-2;10023;ACOPLE SANITARIO CORTO CARDENAS;10-04-25; 1.200 ;100
COM0751;800108632-3;11072;ACOPLE SANITARIO GRIVAL LARGO 55;01-09-25; 1.200 ;50
COM0752;800067895-0;10043;ALAMBRE CENTELSA N 10 BLANCO;19-04-25; 1.200 ;50
COM0753;800162948-7;12187;ACOPLE RAPIDO PISTOLA PINTAR;24-07-25; 1.200 ;10
COM0754;800190106-7;10037;ALAMBRE CENTELSA N  8 BLANCO;11-04-25; 1.200 ;100
COM0755;800054316-5;10011;ABRAZADERA TITAN 13/4A21/2  40-32;23-01-25; 1.200 ;50
COM0756;800027158-6;10001;ABRAZADERA 1/2 ECONOMICA;13-11-25; 1.200 ;10
COM0757;800013579-1;10011;ABRAZADERA TITAN 13/4A21/2  40-32;22-06-25; 1.200 ;10
COM0758;800149369-2;10039;ALAMBRE CENTELSA N  8 ROJO;27-04-26; 1.200 ;20
COM0759;800040737-0;10735;ADAPTADOR DE ESPIGO A ROSCA DE 1/2;23-02-26; 1.200 ;20
COM0760;800027158-6;10055;ALAMBRE CENTELSA N 14 BLANCO;22-11-25; 1.200 ;20
COM0761;800040737-0;10056;ALAMBRE CENTELSA N 14 NEGRO;25-06-25; 1.200 ;100
COM0762;800027158-6;10033;ALAMBRE PUA C16 X 200MT CORSAN;25-01-25; 1.200 ;20
COM0763;800013579-1;12188;ACOPLE RAPIDO PISTOLA X 2 DORADO DSF-6035;27-06-25; 1.200 ;10
COM0764;800135790-2;10021;ACOPLE LAVAMANOS GRIPLAS;18-03-25; 1.200 ;50
COM0765;800190106-7;10024;ACOPLE SANITARIO GRIPLAS;02-05-25; 1.200 ;100
COM0766;800081474-6;10016;ACEITE USA1 X 30 CC;11-12-25; 1.200 ;100
COM0767;800095053-3;12242;ACOPLE SAMURAY PREMIER AMARILLO;23-12-25; 1.200 ;50
COM0768;800013579-1;10058;ALAMBRE CENTELSA N 14 VERDE;24-04-25; 1.200 ;100
COM0769;800081474-6;11058;ACOPLE SANITARIO GRIVAL 40 CMS;11-05-26; 1.200 ;10
COM0770;800190106-7;10035;ALAMBRE CENTELSA N  8 AMARILLO;29-10-25; 1.200 ;100
COM0771;800054316-5;10021;ACOPLE LAVAMANOS GRIPLAS;11-02-25; 1.200 ;20
COM0772;800013579-1;10031;ALAMBRE PUA C 14 X 500MT;12-06-25; 1.200 ;100
COM0773;800095053-3;10029;AEROGRAFO X 125 ML CHORRO DSF-1505 K3;26-06-25; 1.200 ;50
COM0774;800176527-8;10008;ABRAZADERA TITAN 1A19/16 40-20;14-04-25; 1.200 ;10
COM0775;800149369-2;10047;ALAMBRE CENTELSA N 12 AMARILLO;03-10-25; 1.200 ;10
COM0776;800135790-2;10878;ADAPTADOR HEMBRA 1/2 X 16MM PE AL PE;21-08-25; 1.200 ;50
COM0777;800108632-3;12240;ACOPLE PASTA SAMURAY ECONOMICO;15-12-25; 1.200 ;20
COM0778;800108632-3;10015;ABRAZADERA TITAN 31/2A45/16 40-56;25-06-25; 1.200 ;50
COM0779;800013579-1;11057;ACOPLE LAVAMANOS GRIVAL 40CMS;09-02-25; 1.200 ;50
COM0780;800176527-8;11698;"ADAPTADOR HEMBRA  1/2"" LEO PRECION";04-04-26; 1.200 ;50
COM0781;800081474-6;12187;ACOPLE RAPIDO PISTOLA PINTAR;13-03-26; 1.200 ;20
COM0782;800000000-2;11057;ACOPLE LAVAMANOS GRIVAL 40CMS;16-05-25; 1.200 ;10
COM0783;800095053-3;10056;ALAMBRE CENTELSA N 14 NEGRO;02-03-26; 1.200 ;10
COM0784;800176527-8;10017;ACEITE USA1 X 70 CC;24-03-26; 1.200 ;100
COM0785;800122211-1;10049;ALAMBRE CENTELSA N 12 BLANCO;22-05-25; 1.200 ;50
COM0786;800000000-2;10057;ALAMBRE CENTELSA N 14 ROJO;25-08-25; 1.200 ;10
COM0787;800108632-3;10021;ACOPLE LAVAMANOS GRIPLAS;24-04-25; 1.200 ;20
COM0788;800176527-8;10036;ALAMBRE CENTELSA N  8 AZUL;05-09-25; 1.200 ;100
COM0789;800162948-7;10008;ABRAZADERA TITAN 1A19/16 40-20;09-02-25; 1.200 ;20
COM0790;800162948-7;12242;ACOPLE SAMURAY PREMIER AMARILLO;16-10-25; 1.200 ;10
COM0791;800190106-7;12596;ADAPTADOR DE 1/2 EMT;24-03-26; 1.200 ;20
COM0792;800190106-7;10045;ALAMBRE CENTELSA N 10 ROJO;29-04-25; 1.200 ;10
COM0793;800149369-2;11699;ADAPTADOR HEMBRA DE 3/4 PVC LEO;07-04-25; 1.200 ;50
COM0794;800122211-1;10002;ABRAZADERA TITAN 5/16-15/32 10-00;09-06-25; 1.200 ;100
COM0795;800149369-2;10001;ABRAZADERA 1/2 ECONOMICA;04-12-25; 1.200 ;50
COM0796;800081474-6;10010;ABRAZADERA TITAN 11/4A2 40-28;15-06-25; 1.200 ;20
COM0797;800162948-7;12177;AGUJAS PISTOLA PINTAR;10-01-25; 1.200 ;50
COM0798;800190106-7;10011;ABRAZADERA TITAN 13/4A21/2  40-32;09-11-25; 1.200 ;50
COM0799;800040737-0;10046;ALAMBRE CENTELSA N 10 VERDE;11-07-25; 1.200 ;10
COM0800;800149369-2;12188;ACOPLE RAPIDO PISTOLA X 2 DORADO DSF-6035;28-01-26; 1.200 ;20
COM0801;800095053-3;11942;AGUA STOP CAUCHO GRIPLAS;22-01-26; 1.200 ;10
COM0802;800162948-7;10047;ALAMBRE CENTELSA N 12 AMARILLO;15-02-25; 1.200 ;50
COM0803;800190106-7;10031;ALAMBRE PUA C 14 X 500MT;06-07-25; 1.200 ;100
COM0804;800149369-2;11701;"ADAPTADOR MACHO DE 3/4"" PVC LEO";14-11-25; 1.200 ;10
COM0805;800081474-6;10014;ABRAZADERA TITAN 2-3/8A3-1/8  40-44;13-01-26; 1.200 ;100
COM0806;800135790-2;11941;AGUA STOP AHORRADOR PLASTIG;29-10-25; 1.200 ;10
COM0807;800040737-0;12188;ACOPLE RAPIDO PISTOLA X 2 DORADO DSF-6035;19-11-25; 1.200 ;20
COM0808;800040737-0;10036;ALAMBRE CENTELSA N  8 AZUL;27-03-25; 1.200 ;100
COM0809;800135790-2;10007;ABRAZADERA TITAN 29/32A1-3/8 40-16;05-03-26; 1.200 ;20
COM0810;800000000-2;10055;ALAMBRE CENTELSA N 14 BLANCO;07-09-25; 1.200 ;10
COM0811;800027158-6;10033;ALAMBRE PUA C16 X 200MT CORSAN;22-11-25; 1.200 ;20
COM0812;800040737-0;10021;ACOPLE LAVAMANOS GRIPLAS;24-09-25; 1.200 ;50
COM0813;800190106-7;10017;ACEITE USA1 X 70 CC;14-03-26; 1.200 ;20
COM0814;800190106-7;10007;ABRAZADERA TITAN 29/32A1-3/8 40-16;05-02-25; 1.200 ;50
COM0815;800040737-0;10013;ABRAZADERA TITAN 23/8A31/8  40-40;21-07-25; 1.200 ;50
COM0816;800067895-0;12595;ADAPTADOR DE 1 EMT;04-04-25; 1.200 ;20
COM0817;800135790-2;10020;ACOPLE LAVAMANOS CARDENAS LARGO;27-12-25; 1.200 ;20
COM0818;800081474-6;10084;AGUAMONIACO  FRASCO X 480;23-02-25; 1.200 ;10
COM0819;800135790-2;11701;"ADAPTADOR MACHO DE 3/4"" PVC LEO";16-11-25; 1.200 ;50
COM0820;800095053-3;12242;ACOPLE SAMURAY PREMIER AMARILLO;06-03-26; 1.200 ;20
COM0821;800067895-0;10023;ACOPLE SANITARIO CORTO CARDENAS;14-05-25; 1.200 ;10
COM0822;800081474-6;10021;ACOPLE LAVAMANOS GRIPLAS;12-02-25; 1.200 ;50
COM0823;800149369-2;11942;AGUA STOP CAUCHO GRIPLAS;16-03-25; 1.200 ;100
COM0824;800013579-1;11060;AGUA STOP PASTA GRIVAL;02-04-26; 1.200 ;50
COM0825;800040737-0;10001;ABRAZADERA 1/2 ECONOMICA;18-10-25; 1.200 ;50
COM0826;800067895-0;10036;ALAMBRE CENTELSA N  8 AZUL;14-01-25; 1.200 ;50
COM0827;800162948-7;11703;"ADAPTADOR MACHO DE 11/2"" PVC LEO";28-01-26; 1.200 ;10
COM0828;800000000-2;10032;ALAMBRE PUA  C14 X 350MT CORSAN;23-11-25; 1.200 ;10
COM0829;800176527-8;10025;ACRONAL  DE 1/4;28-11-25; 1.200 ;20
COM0830;800000000-2;10035;ALAMBRE CENTELSA N  8 AMARILLO;25-04-26; 1.200 ;10
COM0831;800095053-3;10021;ACOPLE LAVAMANOS GRIPLAS;15-05-26; 1.200 ;50
COM0832;800040737-0;10052;ALAMBRE CENTELSA N 12 VERDE;07-01-26; 1.200 ;100
COM0833;800067895-0;11058;ACOPLE SANITARIO GRIVAL 40 CMS;09-04-25; 1.200 ;50
COM0834;800027158-6;12240;ACOPLE PASTA SAMURAY ECONOMICO;21-02-25; 1.200 ;50
COM0835;800054316-5;10006;ABRAZADERA TITAN 3/4A1 40-12;04-03-26; 1.200 ;100
COM0836;800040737-0;11700;"ADAPTADOR MACHO DE 1/2"" PVC LEO";01-12-25; 1.200 ;20
COM0837;800013579-1;10041;ALAMBRE CENTELSA N 10 AMARILLO;11-09-25; 1.200 ;50
COM0838;800190106-7;11703;"ADAPTADOR MACHO DE 11/2"" PVC LEO";10-08-25; 1.200 ;10
COM0839;800162948-7;10028;AEROGRAFO LAPICERO X 4 HOPEX PROFESI;05-10-25; 1.200 ;20
COM0840;800054316-5;10025;ACRONAL  DE 1/4;11-05-25; 1.200 ;100
COM0841;800162948-7;12178;ACOPLE RAPIDO PISTOLA PINTAR JUEGO X 5;04-01-26; 1.200 ;50
COM0842;800190106-7;11057;ACOPLE LAVAMANOS GRIVAL 40CMS;26-09-25; 1.200 ;10
COM0843;800108632-3;11685;ACOPLE CAUCHO SUELTO LICUADORA OSTER;01-05-25; 1.200 ;10
COM0844;800040737-0;12242;ACOPLE SAMURAY PREMIER AMARILLO;30-04-25; 1.200 ;10
COM0845;800108632-3;10054;ALAMBRE CENTELSA N 14 AZUL;22-02-26; 1.200 ;50
COM0846;800176527-8;10003;ABRAZADERA TITAN 5/16A5/8 - 3/8  10-04;01-01-26; 1.200 ;50
COM0847;800095053-3;10014;ABRAZADERA TITAN 2-3/8A3-1/8  40-44;04-02-25; 1.200 ;10
COM0848;800122211-1;10061;ALICATE 6 NARANJA DSF-6049;21-01-25; 1.200 ;20
COM0849;800122211-1;10047;ALAMBRE CENTELSA N 12 AMARILLO;03-03-26; 1.200 ;20
COM0850;800067895-0;10025;ACRONAL  DE 1/4;07-03-26; 1.200 ;10
COM0851;800067895-0;10048;ALAMBRE CENTELSA N 12 AZUL;02-10-25; 1.200 ;10
COM0852;800054316-5;11941;AGUA STOP AHORRADOR PLASTIG;23-04-25; 1.200 ;20
COM0853;800054316-5;12188;ACOPLE RAPIDO PISTOLA X 2 DORADO DSF-6035;08-01-26; 1.200 ;10
COM0854;800095053-3;10018;ACIDO CORRIENTE X 480;24-04-26; 1.200 ;100
COM0855;800135790-2;10043;ALAMBRE CENTELSA N 10 BLANCO;18-06-25; 1.200 ;50
COM0856;800027158-6;10039;ALAMBRE CENTELSA N  8 ROJO;09-05-26; 1.200 ;20
COM0857;800135790-2;10057;ALAMBRE CENTELSA N 14 ROJO;26-10-25; 1.200 ;20
COM0858;800135790-2;10036;ALAMBRE CENTELSA N  8 AZUL;10-07-25; 1.200 ;100
COM0859;800176527-8;10051;ALAMBRE CENTELSA N 12 ROJO;01-12-25; 1.200 ;10
COM0860;800067895-0;10046;ALAMBRE CENTELSA N 10 VERDE;27-06-25; 1.200 ;50
COM0861;800108632-3;12597;ADAPTADOR DE 3/4 EMT;07-01-26; 1.200 ;10
COM0862;800040737-0;10020;ACOPLE LAVAMANOS CARDENAS LARGO;05-04-26; 1.200 ;100
COM0863;800040737-0;11704;"ADAPTADOR MACHO DE 2"" PVC LEO";23-04-26; 1.200 ;50
COM0864;800135790-2;11698;"ADAPTADOR HEMBRA  1/2"" LEO PRECION";04-08-25; 1.200 ;100
COM0865;800095053-3;10986;AGUA STOP ARGOLLA GERFOR 581140;29-12-25; 1.200 ;50
COM0866;800135790-2;11943;AGUA STOP PLASTGRIFOS;18-10-25; 1.200 ;100
COM0867;800054316-5;11700;"ADAPTADOR MACHO DE 1/2"" PVC LEO";25-01-25; 1.200 ;20
COM0868;800054316-5;10022;ACOPLE SANITARIO CARDENAS LARGO;27-08-25; 1.200 ;10
COM0869;800122211-1;10036;ALAMBRE CENTELSA N  8 AZUL;29-09-25; 1.200 ;10
COM0870;800013579-1;10049;ALAMBRE CENTELSA N 12 BLANCO;02-03-25; 1.200 ;20
COM0871;800122211-1;11058;ACOPLE SANITARIO GRIVAL 40 CMS;12-07-25; 1.200 ;20
COM0872;800108632-3;11072;ACOPLE SANITARIO GRIVAL LARGO 55;03-04-26; 1.200 ;50
COM0873;800027158-6;10084;AGUAMONIACO  FRASCO X 480;04-01-26; 1.200 ;10
COM0874;800040737-0;12595;ADAPTADOR DE 1 EMT;03-01-26; 1.200 ;50
COM0875;800067895-0;10005;ABRAZADERA TITAN 1/2A3/4  40-06;09-05-25; 1.200 ;20
COM0876;800149369-2;10084;AGUAMONIACO  FRASCO X 480;20-11-25; 1.200 ;20
COM0877;800176527-8;10021;ACOPLE LAVAMANOS GRIPLAS;03-12-25; 1.200 ;10
COM0878;800122211-1;10059;ALCOHOL INDUSTRIAL X 500;04-12-25; 1.200 ;10
COM0879;800108632-3;10057;ALAMBRE CENTELSA N 14 ROJO;06-07-25; 1.200 ;10
COM0880;800122211-1;10009;ABRAZADERA TITAN 11/8A17/8  40-24;01-05-25; 1.200 ;20
COM0881;800081474-6;10063;ALICATE FOCCI 8,5 DSF-1684;17-05-25; 1.200 ;20
COM0882;800013579-1;10033;ALAMBRE PUA C16 X 200MT CORSAN;11-05-25; 1.200 ;20
COM0883;800176527-8;10010;ABRAZADERA TITAN 11/4A2 40-28;22-11-25; 1.200 ;50
COM0884;800190106-7;10055;ALAMBRE CENTELSA N 14 BLANCO;21-06-25; 1.200 ;100
COM0885;800054316-5;11942;AGUA STOP CAUCHO GRIPLAS;03-04-26; 1.200 ;50
COM0886;800135790-2;10021;ACOPLE LAVAMANOS GRIPLAS;02-03-26; 1.200 ;100
COM0887;800000000-2;10017;ACEITE USA1 X 70 CC;14-07-25; 1.200 ;100
COM0888;800081474-6;10017;ACEITE USA1 X 70 CC;11-06-25; 1.200 ;100
COM0889;800108632-3;10013;ABRAZADERA TITAN 23/8A31/8  40-40;17-10-25; 1.200 ;20
COM0890;800149369-2;12242;ACOPLE SAMURAY PREMIER AMARILLO;23-11-25; 1.200 ;50
COM0891;800081474-6;10023;ACOPLE SANITARIO CORTO CARDENAS;25-06-25; 1.200 ;20
COM0892;800040737-0;10060;ALICATE  BICOLOR N 8;27-04-26; 1.200 ;50
COM0893;800108632-3;11072;ACOPLE SANITARIO GRIVAL LARGO 55;16-03-25; 1.200 ;100
COM0894;800176527-8;10019;ACOPLE LAVAMANO CORTO  CARDENAS;15-01-26; 1.200 ;50
COM0895;800176527-8;10026;ACRONAL  DE GALON;26-06-25; 1.200 ;10
COM0896;800122211-1;11072;ACOPLE SANITARIO GRIVAL LARGO 55;03-07-25; 1.200 ;50
COM0897;800162948-7;12240;ACOPLE PASTA SAMURAY ECONOMICO;09-05-26; 1.200 ;10
COM0898;800067895-0;11942;AGUA STOP CAUCHO GRIPLAS;07-05-25; 1.200 ;20
COM0899;800162948-7;11942;AGUA STOP CAUCHO GRIPLAS;09-02-26; 1.200 ;20
COM0900;800176527-8;11702;"ADAPTADOR MACHO DE 1"" LEO";19-04-26; 1.200 ;10
COM0901;800162948-7;11701;"ADAPTADOR MACHO DE 3/4"" PVC LEO";21-08-25; 1.200 ;100
COM0902;800081474-6;10034;ALAMBRE PUA C16 X 400MT CORSAN;20-10-25; 1.200 ;50
COM0903;800067895-0;10039;ALAMBRE CENTELSA N  8 ROJO;28-11-25; 1.200 ;10
COM0904;800162948-7;10055;ALAMBRE CENTELSA N 14 BLANCO;10-08-25; 1.200 ;50
COM0905;800013579-1;10022;ACOPLE SANITARIO CARDENAS LARGO;14-08-25; 1.200 ;50
COM0906;800122211-1;10026;ACRONAL  DE GALON;20-06-25; 1.200 ;10
COM0907;800095053-3;12595;ADAPTADOR DE 1 EMT;27-01-25; 1.200 ;10
COM0908;800054316-5;10047;ALAMBRE CENTELSA N 12 AMARILLO;23-04-25; 1.200 ;100
COM0909;800095053-3;10019;ACOPLE LAVAMANO CORTO  CARDENAS;20-05-25; 1.200 ;20
COM0910;800190106-7;10029;AEROGRAFO X 125 ML CHORRO DSF-1505 K3;28-08-25; 1.200 ;20
COM0911;800095053-3;10084;AGUAMONIACO  FRASCO X 480;12-08-25; 1.200 ;10
COM0912;800054316-5;10040;ALAMBRE CENTELSA N  8 VERDE;27-02-26; 1.200 ;100
COM0913;800122211-1;11701;"ADAPTADOR MACHO DE 3/4"" PVC LEO";21-03-26; 1.200 ;100
COM0914;800190106-7;11700;"ADAPTADOR MACHO DE 1/2"" PVC LEO";21-02-26; 1.200 ;50
COM0915;800095053-3;11703;"ADAPTADOR MACHO DE 11/2"" PVC LEO";14-06-25; 1.200 ;100
COM0916;800040737-0;10055;ALAMBRE CENTELSA N 14 BLANCO;29-03-25; 1.200 ;10
COM0917;800122211-1;12241;ACOPLE SAMURAY CAUCHO ECONOMICO;27-03-25; 1.200 ;100
COM0918;800095053-3;10021;ACOPLE LAVAMANOS GRIPLAS;21-08-25; 1.200 ;20
COM0919;800000000-2;10026;ACRONAL  DE GALON;01-06-25; 1.200 ;100
COM0920;800027158-6;11072;ACOPLE SANITARIO GRIVAL LARGO 55;31-03-26; 1.200 ;100
COM0921;800054316-5;11071;ACOPLE LAVAMANOS GRIVAL LARGO 60;09-09-25; 1.200 ;100
COM0922;800122211-1;10017;ACEITE USA1 X 70 CC;20-07-25; 1.200 ;50
COM0923;800013579-1;10010;ABRAZADERA TITAN 11/4A2 40-28;08-03-25; 1.200 ;100
COM0924;800013579-1;11703;"ADAPTADOR MACHO DE 11/2"" PVC LEO";16-09-25; 1.200 ;10
COM0925;800013579-1;10018;ACIDO CORRIENTE X 480;13-12-25; 1.200 ;10
COM0926;800027158-6;10004;ABRAZADERA TITAN 7/16A25/32 - 1/2 10-06;01-06-25; 1.200 ;50
COM0927;800027158-6;10020;ACOPLE LAVAMANOS CARDENAS LARGO;17-11-25; 1.200 ;100
COM0928;800162948-7;10053;ALAMBRE CENTELSA N 14 AMARILLO;27-04-26; 1.200 ;10
COM0929;800135790-2;10024;ACOPLE SANITARIO GRIPLAS;03-03-25; 1.200 ;10
COM0930;800000000-2;10034;ALAMBRE PUA C16 X 400MT CORSAN;18-12-25; 1.200 ;50
COM0931;800095053-3;12242;ACOPLE SAMURAY PREMIER AMARILLO;23-12-25; 1.200 ;100
COM0932;800067895-0;10064;ALICATE STANLEY N 8 84-023;05-08-25; 1.200 ;10
COM0933;800149369-2;10044;ALAMBRE CENTELSA N 10 NEGRO;13-05-26; 1.200 ;50
COM0934;800176527-8;10035;ALAMBRE CENTELSA N  8 AMARILLO;11-01-26; 1.200 ;20
COM0935;800108632-3;10044;ALAMBRE CENTELSA N 10 NEGRO;07-07-25; 1.200 ;50
COM0936;800040737-0;10053;ALAMBRE CENTELSA N 14 AMARILLO;01-03-26; 1.200 ;20
COM0937;800162948-7;10007;ABRAZADERA TITAN 29/32A1-3/8 40-16;26-02-25; 1.200 ;100
COM0938;800013579-1;10034;ALAMBRE PUA C16 X 400MT CORSAN;12-06-25; 1.200 ;20
COM0939;800067895-0;10027;AEROGRAFO F75 400 ML DSF-1499;05-01-25; 1.200 ;100
COM0940;800122211-1;10048;ALAMBRE CENTELSA N 12 AZUL;05-05-26; 1.200 ;100
COM0941;800190106-7;10039;ALAMBRE CENTELSA N  8 ROJO;20-01-26; 1.200 ;10
COM0942;800000000-2;10053;ALAMBRE CENTELSA N 14 AMARILLO;02-03-26; 1.200 ;10
COM0943;800162948-7;10064;ALICATE STANLEY N 8 84-023;25-04-25; 1.200 ;20
COM0944;800054316-5;10084;AGUAMONIACO  FRASCO X 480;17-04-25; 1.200 ;100
COM0945;800122211-1;10017;ACEITE USA1 X 70 CC;17-04-25; 1.200 ;100
COM0946;800081474-6;10053;ALAMBRE CENTELSA N 14 AMARILLO;24-04-26; 1.200 ;10
COM0947;800040737-0;10986;AGUA STOP ARGOLLA GERFOR 581140;28-05-25; 1.200 ;10
COM0948;800162948-7;10024;ACOPLE SANITARIO GRIPLAS;31-01-25; 1.200 ;10
COM0949;800013579-1;12597;ADAPTADOR DE 3/4 EMT;04-02-25; 1.200 ;10
COM0950;800135790-2;10046;ALAMBRE CENTELSA N 10 VERDE;30-07-25; 1.200 ;50
COM0951;800054316-5;10019;ACOPLE LAVAMANO CORTO  CARDENAS;08-09-25; 1.200 ;20
COM0952;800190106-7;10011;ABRAZADERA TITAN 13/4A21/2  40-32;28-03-26; 1.200 ;20
COM0953;800081474-6;10735;ADAPTADOR DE ESPIGO A ROSCA DE 1/2;07-10-25; 1.200 ;100
COM0954;800190106-7;11058;ACOPLE SANITARIO GRIVAL 40 CMS;21-01-25; 1.200 ;10
COM0955;800108632-3;10025;ACRONAL  DE 1/4;24-06-25; 1.200 ;50
COM0956;800108632-3;10030;AEROGRAFO X 150 ML ABANICO HOPEX F2;12-02-25; 1.200 ;50
COM0957;800067895-0;11072;ACOPLE SANITARIO GRIVAL LARGO 55;21-08-25; 1.200 ;10
COM0958;800135790-2;10026;ACRONAL  DE GALON;12-09-25; 1.200 ;10
COM0959;800054316-5;12597;ADAPTADOR DE 3/4 EMT;23-01-25; 1.200 ;10
COM0960;800095053-3;12187;ACOPLE RAPIDO PISTOLA PINTAR;24-03-25; 1.200 ;50
COM0961;800027158-6;11059;AGUA STOP CAUCHO GRIVAL;31-05-25; 1.200 ;50
COM0962;800000000-2;10007;ABRAZADERA TITAN 29/32A1-3/8 40-16;30-09-25; 1.200 ;20
COM0963;800027158-6;10020;ACOPLE LAVAMANOS CARDENAS LARGO;02-03-26; 1.200 ;50
COM0964;800162948-7;10003;ABRAZADERA TITAN 5/16A5/8 - 3/8  10-04;17-03-25; 1.200 ;20
COM0965;800162948-7;10045;ALAMBRE CENTELSA N 10 ROJO;22-04-25; 1.200 ;50
COM0966;800000000-2;10028;AEROGRAFO LAPICERO X 4 HOPEX PROFESI;08-03-26; 1.200 ;100
COM0967;800081474-6;10033;ALAMBRE PUA C16 X 200MT CORSAN;28-11-25; 1.200 ;10
COM0968;800190106-7;10022;ACOPLE SANITARIO CARDENAS LARGO;07-09-25; 1.200 ;100
COM0969;800000000-2;10879;ADAPTADOR MACHO 1/2 X 16MM PE AL PE;30-11-25; 1.200 ;50
COM0970;800149369-2;10059;ALCOHOL INDUSTRIAL X 500;08-01-25; 1.200 ;20
COM0971;800013579-1;11941;AGUA STOP AHORRADOR PLASTIG;18-04-26; 1.200 ;10
COM0972;800176527-8;10041;ALAMBRE CENTELSA N 10 AMARILLO;12-04-26; 1.200 ;10
COM0973;800176527-8;11941;AGUA STOP AHORRADOR PLASTIG;21-09-25; 1.200 ;10
COM0974;800122211-1;11943;AGUA STOP PLASTGRIFOS;27-02-25; 1.200 ;100
COM0975;800013579-1;10019;ACOPLE LAVAMANO CORTO  CARDENAS;09-09-25; 1.200 ;20
COM0976;800122211-1;11704;"ADAPTADOR MACHO DE 2"" PVC LEO";25-01-26; 1.200 ;10
COM0977;800108632-3;10005;ABRAZADERA TITAN 1/2A3/4  40-06;03-01-26; 1.200 ;20
COM0978;800081474-6;12597;ADAPTADOR DE 3/4 EMT;22-06-25; 1.200 ;10
COM0979;800013579-1;10035;ALAMBRE CENTELSA N  8 AMARILLO;23-06-25; 1.200 ;50
COM0980;800190106-7;11701;"ADAPTADOR MACHO DE 3/4"" PVC LEO";13-05-25; 1.200 ;20
COM0981;800162948-7;10006;ABRAZADERA TITAN 3/4A1 40-12;16-05-25; 1.200 ;100
COM0982;800000000-2;10007;ABRAZADERA TITAN 29/32A1-3/8 40-16;27-12-25; 1.200 ;20
COM0983;800040737-0;10041;ALAMBRE CENTELSA N 10 AMARILLO;26-11-25; 1.200 ;50
COM0984;800135790-2;10879;ADAPTADOR MACHO 1/2 X 16MM PE AL PE;04-02-26; 1.200 ;50
COM0985;800067895-0;10058;ALAMBRE CENTELSA N 14 VERDE;19-04-26; 1.200 ;100
COM0986;800027158-6;10060;ALICATE  BICOLOR N 8;08-07-25; 1.200 ;50
COM0987;800000000-2;11700;"ADAPTADOR MACHO DE 1/2"" PVC LEO";17-04-26; 1.200 ;50
COM0988;800054316-5;10014;ABRAZADERA TITAN 2-3/8A3-1/8  40-44;18-07-25; 1.200 ;10
COM0989;800000000-2;12596;ADAPTADOR DE 1/2 EMT;28-12-25; 1.200 ;10
COM0990;800190106-7;10084;AGUAMONIACO  FRASCO X 480;03-04-25; 1.200 ;20
COM0991;800040737-0;10064;ALICATE STANLEY N 8 84-023;23-08-25; 1.200 ;100
COM0992;800081474-6;11703;"ADAPTADOR MACHO DE 11/2"" PVC LEO";31-07-25; 1.200 ;50
COM0993;800190106-7;10878;ADAPTADOR HEMBRA 1/2 X 16MM PE AL PE;03-01-26; 1.200 ;10
COM0994;800013579-1;10039;ALAMBRE CENTELSA N  8 ROJO;17-03-25; 1.200 ;10
COM0995;800108632-3;10040;ALAMBRE CENTELSA N  8 VERDE;25-08-25; 1.200 ;20
COM0996;800067895-0;10011;ABRAZADERA TITAN 13/4A21/2  40-32;23-06-25; 1.200 ;10
COM0997;800149369-2;10055;ALAMBRE CENTELSA N 14 BLANCO;22-03-25; 1.200 ;100
COM0998;800027158-6;10017;ACEITE USA1 X 70 CC;15-01-25; 1.200 ;50
COM0999;800190106-7;10052;ALAMBRE CENTELSA N 12 VERDE;23-06-25; 1.200 ;50
COM1000;800040737-0;10046;ALAMBRE CENTELSA N 10 VERDE;21-07-25; 1.200 ;50
